#,PLAYER,POS,AGE,TYPE,EXPIRY,CAP HIT,GP,SH,G,A,P,TOI,$/SH,$/G,$/A,$/P,$/MIN
1,"Palat, Ondrej","RW, LW",22,ELC,RFA,"$575,000",81,165,23,36,59,18:02,"$3,484","$25,000","$15,972","$9,745",$393
2,"Johansen, Ryan","C, RW",21,ELC,RFA,"$870,000",82,237,33,30,63,17:38,"$3,670","$26,363","$29,000","$13,809",$601
3,"Landeskog, Gabriel","LW, C",21,ELC,RFA,"$925,000",81,222,26,39,65,18:40,"$4,166","$35,576","$23,717","$14,230",$611
4,"Bonino, Nick",C,25,Stnd,RFA,"$700,000",77,159,22,27,49,16:13,"$4,402","$31,818","$25,925","$14,285",$560
5,"MacKinnon, Nathan","C, RW",18,ELC,RFA,"$925,000",82,241,24,39,63,17:20,"$3,838","$38,541","$23,717","$14,682",$650
6,"Shaw, Andrew","C, RW",22,ELC,RFA,"$573,333",80,149,20,19,39,15:41,"$3,847","$28,666","$30,175","$14,700",$456
7,"Schwartz, Jaden",LW,21,ELC,RFA,"$830,000",80,188,25,31,56,17:31,"$4,414","$33,200","$26,774","$14,821",$592
8,"Johnson, Tyler","RW, C",23,ELC,RFA,"$756,667",82,181,24,26,50,18:47,"$4,180","$31,527","$29,102","$15,133",$491
9,"Tatar, Tomas","LW, RW",23,ELC,RFA,"$630,000",73,158,19,20,39,14:21,"$3,987","$33,157","$31,500","$16,153",$601
10,"Saad, Brandon","RW, LW",21,ELC,RFA,"$764,167",78,159,19,28,47,16:17,"$4,806","$40,219","$27,291","$16,258",$601
11,"Eakin, Cody",C,22,ELC,RFA,"$571,667",81,161,16,19,35,17:19,"$3,550","$35,729","$30,087","$16,333",$407
12,"Nugent-Hopkins, Ryan","C, LW",20,ELC,RFA,"$925,000",80,178,19,37,56,20:23,"$5,196","$48,684","$25,000","$16,517",$567
13,"Gallagher, Brendan",RW,21,ELC,RFA,"$685,000",81,211,19,22,41,15:57,"$3,246","$36,052","$31,136","$16,707",$530
14,"Smith, Reilly","RW, LW",22,ELC,RFA,"$900,000",82,146,20,31,51,14:42,"$6,164","$45,000","$29,032","$17,647",$746
15,"Gerbe, Nathan","LW, RW",26,Stnd,RFA,"$550,000",81,221,16,15,31,16:24,"$2,488","$34,375","$36,666","$17,741",$414
16,"Garbutt, Ryan",LW,28,Stnd,UFA,"$575,000",75,165,17,15,32,13:03,"$3,484","$33,823","$38,333","$17,968",$587
17,"Barrie, Tyson",RD,22,ELC,RFA,"$715,000",64,101,13,25,38,18:32,"$7,079","$55,000","$28,600","$18,815",$602
18,"Zuccarello, Mats","LW, RW",26,Stnd,RFA,"$1,150,000",77,170,19,40,59,17:08,"$6,764","$60,526","$28,750","$19,491",$871
19,"Santorelli, Mike","C, RW",28,Stnd,UFA,"$550,000",49,91,10,18,28,18:33,"$6,043","$54,999","$30,555","$19,642",$605
20,"MacDonald, Andrew",RD,27,Stnd,UFA,"$550,000",82,92,4,24,28,24:37:00,"$5,978","$137,500","$22,916","$19,642",$272
21,"Nyquist, Gustav","RW, LW",24,Stnd,RFA,"$950,000",57,153,28,20,48,16:51,"$6,209","$33,928","$47,500","$19,791",$989
22,"Maroon, Patrick","LW, RW",25,Stnd,UFA,"$575,000",62,93,11,18,29,12:18,"$6,182","$52,272","$31,944","$19,827",$753
23,"Wingels, Tommy","RW, LW",25,Stnd,RFA,"$775,000",77,163,16,22,38,16:06,"$4,754","$48,437","$35,227","$20,394",$625
24,"Tarasenko, Vladimir",RW,22,ELC,RFA,"$900,000",64,136,21,22,43,15:10,"$6,617","$42,857","$40,909","$20,930",$927
25,"Söderberg, Carl","C, LW",28,Stnd,UFA,"$1,008,333",73,129,16,32,48,14:15,"$7,816","$63,020","$31,510","$21,006",$969
26,"Roussel, Antoine",LW,24,ELC,RFA,"$612,500",81,113,14,15,29,13:19,"$5,420","$43,750","$40,833","$21,120",$567
27,"Schenn, Brayden","C, LW",22,ELC,RFA,"$870,000",82,178,20,21,41,15:44,"$4,887","$43,500","$41,428","$21,219",$674
28,"Killorn, Alex",LW,24,ELC,RFA,"$875,000",82,173,17,24,41,16:46,"$5,057","$51,470","$36,458","$21,341",$636
29,"Colborne, Joe","C, LW, RW",23,Stnd,RFA,"$600,000",80,80,10,18,28,14:16,"$7,500","$60,000","$33,333","$21,428",$525
30,"Kreider, Chris",LW,22,ELC,RFA,"$800,000",66,136,17,20,37,15:43,"$5,882","$47,058","$40,000","$21,621",$771
31,"Smith, Ben","RW, C",25,Stnd,RFA,"$562,500",75,90,14,12,26,12:44,"$6,250","$40,178","$46,875","$21,634",$589
32,"Granlund, Mikael","C, RW",21,ELC,RFA,"$900,000",63,104,8,33,41,17:19,"$8,653","$112,500","$27,272","$21,951",$824
33,"Raymond, Mason",LW,28,Stnd,UFA,"$1,000,000",82,178,19,26,45,17:20,"$5,617","$52,631","$38,461","$22,222",$703
34,"Read, Matt","RW, LW",27,Stnd,UFA,"$900,000",75,151,22,18,40,18:47,"$5,960","$40,909","$50,000","$22,500",$638
35,"Gelinas, Eric",LD,22,ELC,RFA,"$660,000",60,124,7,22,29,16:55,"$5,322","$94,285","$30,000","$22,758",$650
36,"Krug, Torey",LD,22,ELC,RFA,"$916,667",79,183,14,26,40,17:30,"$5,009","$65,476","$35,256","$22,916",$663
37,"Bjugstad, Nick","C, RW",21,ELC,RFA,"$900,000",76,185,16,22,38,16:13,"$4,864","$56,250","$40,909","$23,684",$730
38,"Couturier, Sean",C,21,ELC,RFA,"$925,000",82,165,13,26,39,19:05,"$5,606","$71,153","$35,576","$23,717",$591
39,"Nash, Riley","C, RW",24,Stnd,RFA,"$575,000",73,86,10,14,24,12:40,"$6,686","$57,500","$41,071","$23,958",$621
40,"Holden, Nick",LD,26,Stnd,UFA,"$600,000",54,66,10,15,25,18:40,"$9,090","$60,000","$40,000","$24,000",$595
41,"Niederreiter, Nino","LW, RW",21,ELC,RFA,"$870,000",81,143,14,22,36,14:05,"$6,083","$62,142","$39,545","$24,166",$762
42,"Perreault, Mathieu","LW, RW",25,Stnd,UFA,"$1,050,000",69,120,18,25,43,13:52,"$8,750","$58,333","$42,000","$24,418","$1,097"
43,"Toffoli, Tyler","RW, LW",21,ELC,RFA,"$716,667",62,124,12,17,29,12:56,"$5,779","$59,722","$42,156","$24,712",$893
44,"Pirri, Brandon","RW, LW",22,ELC,RFA,"$618,333",49,80,13,12,25,12:58,"$7,729","$47,564","$51,527","$24,733",$973
45,"Chiasson, Alex",RW,23,ELC,RFA,"$866,667",79,144,13,22,35,15:06,"$6,018","$66,666","$39,393","$24,761",$726
46,"King, Dwight","LW, RW",24,Stnd,RFA,"$750,000",77,111,15,15,30,15:02,"$6,756","$50,000","$50,000","$25,000",$647
47,"Scheifele, Mark",C,20,ELC,RFA,"$863,333",63,100,13,21,34,16:21,"$8,633","$66,410","$41,111","$25,392",$838
48,"Faulk, Justin",LD/RD,21,ELC,RFA,"$840,000",76,152,5,27,32,23:24,"$5,526","$168,000","$31,111","$26,250",$472
49,"Jenner, Boone","C, LW",20,ELC,RFA,"$778,333",72,127,16,13,29,14:04,"$6,128","$48,645","$59,871","$26,839",$768
50,"Zibanejad, Mika",C,20,ELC,RFA,"$894,167",69,153,16,17,33,14:19,"$5,844","$55,885","$52,598","$27,095",$905
51,"Nichushkin, Valeri","LW, RW",18,ELC,RFA,"$925,000",79,128,14,20,34,14:58,"$7,226","$66,071","$46,250","$27,205",$782
52,"Monahan, Sean",C,19,ELC,RFA,"$925,000",75,140,22,12,34,15:58,"$6,607","$42,045","$77,083","$27,205",$772
53,"Boyes, Brad","RW, C",31,Stnd,UFA,"$1,000,000",78,176,21,15,36,17:02,"$5,681","$47,619","$66,666","$27,777",$752
54,"Schultz, Justin",RD,23,ELC,RFA,"$925,000",74,109,11,22,33,23:20,"$8,486","$84,090","$42,045","$28,030",$535
55,"Gardiner, Jake",LD,23,ELC,RFA,"$875,000",80,136,10,21,31,21:04,"$6,433","$87,500","$41,666","$28,225",$519
56,"Fontaine, Justin",RW,26,Stnd,RFA,"$600,000",66,79,13,8,21,12:15,"$7,594","$46,153","$75,000","$28,571",$742
57,"Atkinson, Cam","RW, LW",24,Stnd,RFA,"$1,150,000",79,216,21,19,40,15:47,"$5,324","$54,761","$60,526","$28,750",$922
58,"Iginla, Jarome",RW,36,35+,UFA,"$1,800,000",78,209,30,31,61,18:12,"$8,612","$60,000","$58,064","$29,508","$1,267"
59,"Lindholm, Hampus",LD,19,ELC,RFA,"$894,167",78,116,6,24,30,19:25,"$7,708","$149,027","$37,256","$29,805",$590
60,"Bourque, Gabriel","LW, RW",23,Stnd,RFA,"$775,000",74,108,9,17,26,13:50,"$7,175","$86,111","$45,588","$29,807",$757
61,"Galchenyuk, Alex","LW, C, RW",19,ELC,RFA,"$925,000",65,110,13,18,31,14:23,"$8,409","$71,153","$51,388","$29,838",$989
62,"Jagr, Jaromir",RW,41,35+,UFA,"$2,000,000",82,231,24,43,67,19:09,"$8,658","$83,333","$46,511","$29,850","$1,273"
63,"Kassian, Zack",RW,22,ELC,RFA,"$870,000",73,91,14,15,29,12:55,"$9,560","$62,142","$58,000","$29,999",$922
64,"Coyle, Charlie","C, RW",21,ELC,RFA,"$900,000",70,135,12,18,30,17:05,"$6,666","$75,000","$50,000","$30,000",$752
65,"Byron, Paul","LW, RW",24,Stnd,UFA,"$643,500",47,46,7,14,21,14:26,"$13,989","$91,928","$45,964","$30,642",$948
66,"Hickey, Thomas",LD,24,Stnd,RFA,"$675,000",82,96,4,18,22,18:52,"$7,031","$168,750","$37,500","$30,681",$436
67,"Trouba, Jacob",RD,19,ELC,RFA,"$894,167",65,121,10,19,29,22:26,"$7,389","$89,416","$47,061","$30,833",$613
68,"Määttä, Olli",LD,19,ELC,RFA,"$894,167",78,119,9,20,29,18:29,"$7,514","$99,351","$44,708","$30,833",$620
69,"Ellis, Ryan",RD,22,ELC,RFA,"$840,000",80,123,6,21,27,16:04,"$6,829","$140,000","$40,000","$31,111",$653
70,"Nieto, Matt","LW, RW",21,ELC,RFA,"$759,167",66,124,10,14,24,14:04,"$6,122","$75,916","$54,226","$31,631",$817
71,"Huberdeau, Jonathan",LW,20,ELC,RFA,"$894,167",69,108,9,19,28,15:39,"$8,279","$99,351","$47,061","$31,934",$828
72,"Gilbert, Tom",RD,30,Stnd,UFA,"$900,000",73,93,3,25,28,21:20,"$9,677","$300,000","$36,000","$32,142",$577
73,"Benoît, André",LD,29,Stnd,UFA,"$900,000",79,113,7,21,28,20:12,"$7,964","$128,571","$42,857","$32,142",$563
74,"Gibbons, Brian","C, RW, LW",25,Stnd,UFA,"$550,000",41,29,5,12,17,11:56,"$18,965","$110,000","$45,833","$32,352","$1,124"
75,"Sheahan, Riley","LW, C",22,ELC,RFA,"$785,000",42,59,9,15,24,14:26,"$13,305","$87,222","$52,333","$32,708","$1,294"
76,"Loktionov, Andrei",C,23,Stnd,RFA,"$725,000",68,78,7,15,22,12:58,"$9,294","$103,571","$48,333","$32,954",$822
77,"Rielly, Morgan",LD,19,ELC,RFA,"$894,167",73,96,2,25,27,17:38,"$9,314","$447,083","$35,766","$33,117",$694
78,"Winchester, Jesse","C, RW, LW",30,Stnd,UFA,"$600,000",52,100,9,9,18,12:44,"$6,000","$66,666","$66,666","$33,333",$906
79,"Arcobello, Mark","C, RW",25,Stnd,RFA,"$600,000",41,70,4,14,18,15:04,"$8,571","$150,000","$42,857","$33,333",$971
80,"Conacher, Cory",LW,24,ELC,RFA,"$871,250",79,100,7,19,26,12:56,"$8,712","$124,464","$45,855","$33,509",$852
81,"Stanton, Ryan",LD,24,Stnd,UFA,"$550,000",64,65,1,15,16,14:42,"$8,461","$550,000","$36,666","$34,375",$584
82,"Mitchell, John",C,28,Stnd,UFA,"$1,100,000",75,107,11,21,32,16:16,"$10,280","$100,000","$52,380","$34,375",$901
83,"Nelson, Brock","C, LW",22,ELC,RFA,"$900,000",72,132,14,12,26,14:15,"$6,818","$64,285","$75,000","$34,615",$877
84,"Benn, Jordie",LD/RD,26,Stnd,UFA,"$700,000",78,91,3,17,20,19:09,"$7,692","$233,333","$41,176","$35,000",$468
85,"McDonald, Colin",RW,29,Stnd,UFA,"$637,500",70,96,8,10,18,12:23,"$6,640","$79,687","$63,750","$35,416",$735
86,"Raffl, Michael","LW, RW",25,ELC,RFA,"$792,500",68,101,9,13,22,12:59,"$7,846","$88,055","$60,961","$36,022",$897
87,"Pouliot, Benoit",LW,27,Stnd,UFA,"$1,300,000",80,141,15,21,36,13:26,"$9,219","$86,666","$61,904","$36,111","$1,209"
88,"Bartkowski, Matt",RD,25,Stnd,RFA,"$650,000",64,91,0,18,18,19:32,"$7,142",∞,"$36,111","$36,111",$519
89,"Hayes, Jimmy",RW,24,ELC,RFA,"$654,167",55,72,11,7,18,10:58,"$9,085","$59,469","$93,452","$36,342","$1,084"
90,"Letestu, Mark","C, RW",28,Stnd,UFA,"$1,250,000",82,122,12,22,34,14:41,"$10,245","$104,166","$56,818","$36,764","$1,038"
91,"Hertl, Tomas","C, RW",20,ELC,RFA,"$925,000",37,98,15,10,25,15:19,"$9,438","$61,666","$92,500","$37,000","$1,632"
92,"Jones, Seth",RD,19,ELC,RFA,"$925,000",77,100,6,19,25,19:37,"$9,250","$154,166","$48,684","$37,000",$612
93,"Hamilton, Dougie",RD,20,ELC,RFA,"$925,000",64,114,7,18,25,19:06,"$8,114","$132,142","$51,388","$37,000",$756
94,"Vatanen, Sami",LD/RD,22,ELC,RFA,"$785,000",48,73,6,15,21,17:27,"$10,753","$130,833","$52,333","$37,380",$937
95,"Silfverberg, Jakob","RW, LW",23,ELC,RFA,"$863,333",52,119,10,13,23,14:15,"$7,254","$86,333","$66,410","$37,536","$1,165"
96,"Smith, Craig","RW, C",24,Stnd,RFA,"$2,000,000",79,215,24,28,52,16:23,"$9,302","$83,333","$71,428","$38,461","$1,545"
97,"Backlund, Mikael",C,24,Stnd,RFA,"$1,500,000",76,178,18,21,39,18:32,"$8,426","$83,333","$71,428","$38,461","$1,064"
98,"Bouma, Lance","C, LW, RW",23,Stnd,RFA,"$577,500",78,82,5,10,15,12:36,"$7,042","$115,500","$57,750","$38,500",$587
99,"Barkov, Aleksander",C,18,ELC,RFA,"$925,000",54,87,8,16,24,17:05,"$10,632","$115,625","$57,812","$38,541","$1,002"
100,"Yakupov, Nail","RW, LW",20,ELC,RFA,"$925,000",63,122,11,13,24,14:18,"$7,581","$84,090","$71,153","$38,541","$1,026"
101,"Vitale, Joe","C, RW",28,Stnd,UFA,"$550,000",53,42,1,13,14,10:58,"$13,095","$550,000","$42,307","$39,285",$946
102,"Sobotka, Vladimír","LW, C",26,Stnd,RFA,"$1,300,000",61,102,9,24,33,16:44,"$12,745","$144,444","$54,166","$39,393","$1,273"
103,"Kucherov, Nikita",RW,20,ELC,RFA,"$711,667",52,102,9,9,18,13:06,"$6,977","$79,074","$79,074","$39,537","$1,044"
104,"DeKeyser, Danny",LD,23,ELC,RFA,"$925,000",65,84,4,19,23,21:38,"$11,011","$231,250","$48,684","$40,217",$657
105,"Okposo, Kyle",RW,25,Stnd,UFA,"$2,800,000",71,195,27,42,69,20:26,"$14,358","$103,703","$66,666","$40,579","$1,930"
106,"Girgensons, Zemgus","C, LW",19,ELC,RFA,"$894,167",70,115,8,14,22,15:18,"$7,775","$111,770","$63,869","$40,643",$834
107,"Dwyer, Patrick",RW,30,Stnd,UFA,"$900,000",75,134,8,14,22,14:39,"$6,716","$112,500","$64,285","$40,909",$819
108,"Bollig, Brandon",LW,26,Stnd,UFA,"$575,000",82,109,7,7,14,10:16,"$5,275","$82,142","$82,142","$41,071",$683
109,"Calvert, Matt","LW, RW",24,Stnd,RFA,"$987,500",56,90,9,15,24,16:06,"$10,972","$109,722","$65,833","$41,145","$1,095"
110,"Sheppard, James",C,25,Stnd,RFA,"$830,000",67,84,4,16,20,12:10,"$9,880","$207,500","$51,875","$41,500","$1,018"
111,"Chimera, Jason","LW, RW",34,Stnd,UFA,"$1,750,000",82,167,15,27,42,15:25,"$10,479","$116,666","$64,814","$41,666","$1,384"
112,"Muzzin, Jake",LD,24,Stnd,RFA,"$1,000,000",76,175,5,19,24,19:01,"$5,714","$200,000","$52,631","$41,666",$691
113,"Murray, Ryan",LD,20,ELC,RFA,"$894,167",66,62,4,17,21,19:52,"$14,422","$223,541","$52,598","$42,579",$681
114,"Andersson, Joakim",C,24,Stnd,RFA,"$732,500",65,78,8,9,17,13:49,"$9,391","$91,562","$81,388","$43,088",$815
115,"Foligno, Marcus","LW, RW",22,ELC,RFA,"$826,667",74,79,7,12,19,15:03,"$10,464","$118,095","$68,888","$43,508",$742
116,"Giroux, Claude","LW, C, RW",25,Stnd,RFA,"$3,750,000",82,223,28,58,86,20:26,"$16,816","$133,928","$64,655","$43,604","$2,238"
117,"Dillon, Brenden",LD,23,ELC,RFA,"$743,333",80,97,6,11,17,21:05,"$7,663","$123,888","$67,575","$43,725",$440
118,"Lindholm, Elias","RW, C",19,ELC,RFA,"$925,000",58,70,9,12,21,14:31,"$13,214","$102,777","$77,083","$44,047","$1,098"
119,"Desjardins, Andrew",C,27,Stnd,UFA,"$750,000",81,95,3,14,17,11:08,"$7,894","$250,000","$53,571","$44,117",$831
120,"Demers, Jason",RD,25,Stnd,RFA,"$1,500,000",75,105,5,29,34,19:29,"$14,285","$300,000","$51,724","$44,117","$1,026"
121,"Eller, Lars",C,24,Stnd,RFA,"$1,150,000",77,137,12,14,26,15:57,"$8,394","$95,833","$82,142","$44,230",$936
122,"Gudas, Radko",RD,23,Stnd,RFA,"$991,667",73,114,3,19,22,19:07,"$8,698","$330,555","$52,192","$45,075",$710
123,"Johansson, Marcus","C, LW, RW",23,Stnd,RFA,"$2,000,000",80,107,8,36,44,17:32,"$18,691","$250,000","$55,555","$45,454","$1,425"
124,"D'Agostini, Matt",RW,27,Stnd,UFA,"$550,000",57,110,5,7,12,14:51,"$5,000","$110,000","$78,571","$45,833",$649
125,"Krüger, Marcus",C,23,Stnd,RFA,"$1,287,500",81,96,8,20,28,13:52,"$13,411","$160,937","$64,375","$45,982","$1,146"
126,"Brown, J.T.",RW,23,Stnd,RFA,"$874,125",63,113,4,15,19,13:02,"$7,735","$218,531","$58,275","$46,006","$1,064"
127,"McGinn, Jamie","LW, RW",25,Stnd,RFA,"$1,750,000",79,167,19,19,38,15:46,"$10,479","$92,105","$92,105","$46,052","$1,404"
128,"Malhotra, Manny",C,33,Stnd,UFA,"$600,000",69,53,7,6,13,11:35,"$11,320","$85,714","$100,000","$46,153",$750
129,"Spaling, Nick","C, LW",25,Stnd,RFA,"$1,500,000",71,85,13,19,32,16:01,"$17,647","$115,384","$78,947","$46,875","$1,319"
130,"Weise, Dale","RW, LW",25,Stnd,RFA,"$750,000",61,41,6,10,16,8:24,"$18,292","$125,000","$75,000","$46,875","$1,463"
131,"Bournival, Michaël",LW,21,ELC,RFA,"$660,000",60,78,7,7,14,10:19,"$8,461","$94,285","$94,285","$47,142","$1,066"
132,"Engelland, Deryk",RD,31,Stnd,UFA,"$566,667",56,59,6,6,12,13:02,"$9,604","$94,444","$94,444","$47,222",$776
133,"Jurco, Tomas","RW, LW",21,ELC,RFA,"$709,167",36,77,8,7,15,13:27,"$9,209","$88,645","$101,309","$47,277","$1,464"
134,"Savard, David",RD,23,Stnd,RFA,"$709,275",70,63,5,10,15,17:49,"$11,258","$141,855","$70,927","$47,285",$568
135,"Palmieri, Kyle","RW, LW",22,Stnd,RFA,"$1,466,667",71,147,14,17,31,11:56,"$9,977","$104,761","$86,274","$47,311","$1,731"
136,"Nielsen, Frans","C, LW",29,Stnd,UFA,"$2,750,000",80,167,25,33,58,18:20,"$16,467","$110,000","$83,333","$47,413","$1,875"
137,"Strome, Ryan","C, RW",20,ELC,RFA,"$863,333",37,89,7,11,18,15:11,"$9,700","$123,333","$78,484","$47,962","$1,536"
138,"Greening, Colin",LW,27,Stnd,UFA,"$816,666",76,108,6,11,17,13:44,"$7,561","$136,111","$74,242","$48,039",$782
139,"Fehr, Eric","C, RW",28,Stnd,UFA,"$1,500,000",73,137,13,18,31,14:44,"$10,948","$115,384","$83,333","$48,387","$1,394"
140,"Brodin, Jonas",LD,20,ELC,RFA,"$925,000",79,74,8,11,19,23:54,"$12,500","$115,625","$84,090","$48,684",$489
141,"Flynn, Brian",RW,25,Stnd,RFA,"$637,500",79,102,6,7,13,14:25,"$6,250","$106,249","$91,071","$49,038",$559
142,"Cizikas, Casey",C,22,ELC,RFA,"$793,333",80,79,6,10,16,13:22,"$10,042","$132,222","$79,333","$49,583",$741
143,"Richardson, Brad",C,28,Stnd,UFA,"$1,150,000",73,85,11,12,23,14:54,"$13,529","$104,545","$95,833","$50,000","$1,057"
144,"Niskanen, Matt",RD,27,Stnd,UFA,"$2,300,000",81,162,10,36,46,21:17,"$14,197","$230,000","$63,888","$50,000","$1,334"
145,"Martinez, Alec",LD,26,Stnd,UFA,"$1,100,000",61,79,11,11,22,15:40,"$13,924","$100,000","$100,000","$50,000","$1,151"
146,"Sceviour, Colton",RW,24,Stnd,UFA,"$600,000",26,69,8,4,12,14:52,"$8,695","$75,000","$150,000","$50,000","$1,552"
147,"Duchene, Matt","C, LW",22,Stnd,RFA,"$3,500,000",71,217,23,47,70,18:29,"$16,129","$152,173","$74,468","$50,000","$2,667"
148,"Bowman, Drayson",LW,24,Stnd,UFA,"$600,000",70,80,4,8,12,10:21,"$7,500","$150,000","$75,000","$50,000",$828
149,"Pavelski, Joe","RW, C",29,Stnd,UFA,"$4,000,000",82,225,41,38,79,19:51,"$17,777","$97,560","$105,263","$50,632","$2,457"
150,"Gryba, Eric",RD,25,Stnd,RFA,"$562,500",57,57,2,9,11,17:31,"$9,868","$281,250","$62,499","$51,136",$563
151,"Gionta, Stephen","C, RW",30,Stnd,UFA,"$562,500",66,89,4,7,11,12:27,"$6,320","$140,625","$80,357","$51,136",$684
152,"Russell, Kris",LD/RD,26,Stnd,UFA,"$1,500,000",68,109,7,22,29,23:08,"$13,761","$214,285","$68,181","$51,724",$953
153,"Subban, P.K.",RD,24,Stnd,RFA,"$2,763,889",82,204,10,43,53,24:36:00,"$13,548","$276,388","$64,276","$52,148","$1,370"
154,"Tropp, Corey","RW, LW",24,Stnd,RFA,"$577,500",53,35,2,9,11,8:56,"$16,500","$288,750","$64,166","$52,500","$1,219"
155,"Irwin, Matt",LD/RD,26,Stnd,UFA,"$1,000,000",62,147,2,17,19,18:48,"$6,802","$500,000","$58,823","$52,631",$857
156,"Jokinen, Jussi","LW, RW",30,Stnd,UFA,"$3,000,000",81,172,21,36,57,15:42,"$17,441","$142,857","$83,333","$52,631","$2,359"
157,"Couture, Logan","C, LW",24,Stnd,RFA,"$2,875,000",65,233,23,31,54,18:56,"$12,339","$125,000","$92,741","$53,240","$2,336"
158,"Tlusty, Jiri",C,25,Stnd,RFA,"$1,600,000",68,131,16,14,30,15:10,"$12,213","$100,000","$114,285","$53,333","$1,551"
159,"Stepan, Derek",C,23,Stnd,RFA,"$3,075,000",82,199,17,40,57,18:03,"$15,452","$180,882","$76,875","$53,947","$2,077"
160,"Oleksy, Steve",RD,27,Stnd,UFA,"$541,667",33,27,2,8,10,15:15,"$20,061","$270,833","$67,708","$54,166","$1,076"
161,"Steen, Alexander","LW, RW, C",29,Stnd,UFA,"$3,362,500",68,211,33,29,62,20:16,"$15,936","$101,893","$115,948","$54,233","$2,439"
162,"De Haan, Calvin",LD/RD,22,ELC,RFA,"$870,000",51,71,3,13,16,21:01,"$12,253","$290,000","$66,923","$54,375",$811
163,"Donovan, Matt",LD,23,ELC,RFA,"$875,000",52,86,2,14,16,18:04,"$10,174","$437,500","$62,500","$54,687",$931
164,"Kunitz, Chris","RW, LW",34,Stnd,UFA,"$3,725,000",78,218,35,33,68,19:09,"$17,087","$106,428","$112,878","$54,779","$2,493"
165,"Frolík, Michael","LW, RW",25,Stnd,RFA,"$2,333,333",81,189,15,27,42,16:40,"$12,345","$155,555","$86,419","$55,555","$1,728"
166,"Moore, Dominic","C, LW",33,Stnd,UFA,"$1,000,000",73,96,6,12,18,11:42,"$10,416","$166,666","$83,333","$55,555","$1,170"
167,"MacKenzie, Derek","C, LW",32,Stnd,UFA,"$1,000,000",71,70,9,9,18,11:15,"$14,285","$111,111","$111,111","$55,555","$1,251"
168,"Moore, John",LD,23,ELC,RFA,"$840,000",74,115,4,11,15,15:19,"$7,304","$210,000","$76,363","$56,000",$741
169,"Beleskey, Matt",LW,25,Stnd,UFA,"$1,350,000",55,112,9,15,24,12:26,"$12,053","$150,000","$90,000","$56,250","$1,974"
170,"Kostka, Michael",RD,28,Stnd,UFA,"$625,000",28,49,4,7,11,15:25,"$12,755","$156,250","$89,285","$56,818","$1,447"
171,"Cogliano, Andrew",LW,26,Stnd,UFA,"$2,390,000",82,157,21,21,42,15:23,"$15,222","$113,809","$113,809","$56,904","$1,894"
172,"Pánik, Richard","LW, RW",22,ELC,RFA,"$740,000",50,56,3,10,13,12:41,"$13,214","$246,666","$74,000","$56,923","$1,166"
173,"Penner, Dustin",RW,31,Stnd,UFA,"$2,000,000",67,119,14,21,35,14:27,"$16,806","$142,857","$95,238","$57,142","$2,065"
174,"Kadri, Nazem",C,23,Stnd,RFA,"$2,900,000",78,148,20,30,50,17:23,"$19,594","$145,000","$96,666","$57,999","$2,138"
175,"MacArthur, Clarke",LW,28,Stnd,UFA,"$3,250,000",79,159,24,31,55,17:38,"$20,440","$135,416","$104,838","$59,090","$2,333"
176,"Bodie, Troy",RW,28,Stnd,UFA,"$600,000",47,50,3,7,10,8:37,"$12,000","$199,999","$85,714","$60,000","$1,481"
177,"Morrow, Brenden",LW,34,Stnd,UFA,"$1,500,000",71,56,13,12,25,11:54,"$26,785","$115,384","$125,000","$60,000","$1,775"
178,"Bortuzzo, Robert",RD,24,Stnd,RFA,"$600,000",54,50,0,10,10,15:28,"$12,000",∞,"$60,000","$60,000",$718
179,"Haula, Erik","C, LW",22,ELC,RFA,"$900,000",46,56,6,9,15,10:08,"$16,071","$150,000","$100,000","$60,000","$1,930"
180,"Winnik, Daniel",C,28,Stnd,UFA,"$1,800,000",76,115,6,24,30,15:23,"$15,652","$300,000","$75,000","$60,000","$1,539"
181,"Scandella, Marco",LD,23,Stnd,RFA,"$1,025,000",76,80,3,14,17,18:48,"$12,812","$341,666","$73,214","$60,294",$717
182,"Turris, Kyle",C,24,Stnd,UFA,"$3,500,000",82,215,26,32,58,18:43,"$16,279","$134,615","$109,375","$60,344","$2,280"
183,"Barberio, Mark",LD,23,Stnd,RFA,"$605,000",49,54,5,5,10,14:34,"$11,203","$121,000","$121,000","$60,500",$847
184,"Franson, Cody",RD,26,Stnd,RFA,"$2,000,000",79,115,5,28,33,20:41,"$17,391","$400,000","$71,428","$60,606","$1,224"
185,"Wilson, Colin","C, LW",24,Stnd,RFA,"$2,000,000",81,112,11,22,33,15:12,"$17,857","$181,818","$90,909","$60,606","$1,624"
186,"Smith, Trevor",C,28,Stnd,UFA,"$550,000",28,24,4,5,9,10:22,"$22,916","$137,500","$110,000","$61,111","$1,894"
187,"Lovejoy, Ben",RD,29,Stnd,UFA,"$1,100,000",78,107,5,13,18,19:23,"$10,280","$220,000","$84,615","$61,111",$727
188,"Ward, Joel",RW,33,Stnd,UFA,"$3,000,000",82,133,24,25,49,16:04,"$22,556","$125,000","$120,000","$61,224","$2,277"
189,"Moulson, Matt",LW,30,Stnd,UFA,"$3,133,333",75,176,23,28,51,17:58,"$17,803","$136,231","$111,904","$61,437","$2,325"
190,"Olsen, Dylan",LD,22,ELC,RFA,"$738,333",44,60,3,9,12,15:26,"$12,305","$246,111","$82,037","$61,527","$1,087"
191,"Comeau, Blake","LW, RW",27,Stnd,UFA,"$1,000,000",61,107,5,11,16,12:03,"$9,345","$200,000","$90,909","$62,500","$1,360"
192,"Handzus, Michal",C,36,35+,UFA,"$1,000,000",59,50,4,12,16,13:38,"$20,000","$250,000","$83,333","$62,500","$1,243"
193,"Sekera, Andrej",LD/RD,27,Stnd,UFA,"$2,750,000",74,142,11,33,44,23:40,"$19,366","$250,000","$83,333","$62,500","$1,570"
194,"Orlov, Dmitry",LD/RD,22,ELC,RFA,"$690,000",54,59,3,8,11,19:35,"$11,694","$230,000","$86,250","$62,727",$652
195,"Adams, Craig",RW,36,35+,UFA,"$700,000",82,73,5,6,11,12:27,"$9,589","$140,000","$116,666","$63,636",$685
196,"Higgins, Chris",LW,30,Stnd,UFA,"$2,500,000",78,216,17,22,39,19:10,"$11,574","$147,058","$113,636","$64,102","$1,672"
197,"Lee, Anders","LW, C",23,ELC,RFA,"$900,000",22,68,9,5,14,15:43,"$13,235","$99,999","$180,000","$64,285","$2,602"
198,"Abdelkader, Justin","LW, RW",26,Stnd,UFA,"$1,800,000",70,147,10,18,28,15:17,"$12,244","$180,000","$100,000","$64,285","$1,682"
199,"Bernier, Steve",RW,28,Stnd,UFA,"$775,000",78,104,3,9,12,12:26,"$7,451","$258,333","$86,111","$64,583",$799
200,"Halischuk, Matt",RW,25,Stnd,UFA,"$650,000",46,56,5,5,10,11:20,"$11,607","$130,000","$130,000","$65,000","$1,246"
201,"Weber, Yannick",RD,25,Stnd,RFA,"$650,000",49,70,6,4,10,11:54,"$9,285","$108,333","$162,500","$65,000","$1,114"
202,"Ennis, Tyler","C, LW, RW",24,Stnd,RFA,"$2,812,500",80,210,21,22,43,18:51,"$13,392","$133,928","$127,840","$65,406","$1,865"
203,"Simmonds, Wayne","RW, LW",25,Stnd,UFA,"$3,975,000",82,209,29,31,60,16:46,"$19,019","$137,068","$128,225","$66,250","$2,891"
204,"Smith, Brendan","LD/RD, LW",24,Stnd,RFA,"$1,262,500",71,90,5,14,19,18:23,"$14,027","$252,500","$90,178","$66,447",$967
205,"Benn, Jamie","LW, C",24,Stnd,UFA,"$5,250,000",81,279,34,45,79,19:09,"$18,817","$154,411","$116,666","$66,455","$3,384"
206,"Hall, Adam",RW,33,Stnd,UFA,"$600,000",80,61,4,5,9,9:50,"$9,836","$150,000","$120,000","$66,666",$762
207,"Guenin, Nate",RD,31,Stnd,UFA,"$600,000",68,52,1,8,9,17:16,"$11,538","$600,000","$75,000","$66,666",$511
208,"Dvorak, Radek",RW,36,Stnd,UFA,"$600,000",60,52,4,5,9,10:38,"$11,538","$150,000","$120,000","$66,666",$940
209,"Talbot, Maxime","C, LW",29,Stnd,UFA,"$1,800,000",81,124,8,19,27,16:09,"$14,516","$225,000","$94,736","$66,666","$1,375"
210,"Morin, Jeremy","LW, RW",22,ELC,RFA,"$735,000",24,46,5,6,11,9:09,"$15,978","$147,000","$122,500","$66,818","$3,346"
211,"Perron, David","RW, LW",25,Stnd,UFA,"$3,812,500",78,220,28,29,57,19:07,"$17,329","$136,160","$131,465","$66,885","$2,556"
212,"Desharnais, David",C,27,Stnd,UFA,"$3,500,000",79,96,16,36,52,17:12,"$36,458","$218,750","$97,222","$67,307","$2,575"
213,"Hansen, Jannik",RW,27,Stnd,UFA,"$1,350,000",71,112,11,9,20,15:39,"$12,053","$122,727","$150,000","$67,500","$1,214"
214,"Kessel, Phil",RW,26,Stnd,UFA,"$5,400,000",82,305,37,43,80,20:39,"$17,704","$145,945","$125,581","$67,500","$3,189"
215,"Goc, Marcel",C,30,Stnd,UFA,"$1,700,000",74,117,11,14,25,16:19,"$14,529","$154,545","$121,428","$68,000","$1,407"
216,"Hagelin, Carl",LW,25,Stnd,RFA,"$2,250,000",72,144,17,16,33,15:31,"$15,625","$132,352","$140,625","$68,181","$2,013"
217,"Regin, Peter",C,27,Stnd,UFA,"$750,000",61,69,4,7,11,11:26,"$10,869","$187,500","$107,142","$68,181","$1,075"
218,"Seguin, Tyler","C, RW",21,Stnd,UFA,"$5,750,000",80,294,37,47,84,19:20,"$19,557","$155,405","$122,340","$68,452","$3,717"
219,"Voracek, Jakub","RW, LW",24,Stnd,UFA,"$4,250,000",82,235,23,39,62,17:15,"$18,085","$184,782","$108,974","$68,548","$3,004"
220,"Brodie, TJ",RD,23,Stnd,RFA,"$2,125,000",81,104,4,27,31,24:03:00,"$20,432","$531,250","$78,703","$68,548","$1,090"
221,"Spooner, Ryan","C, LW",21,ELC,RFA,"$760,000",23,42,0,11,11,12:48,"$18,095",∞,"$69,090","$69,090","$2,581"
222,"Oshie, T.J.","RW, C",27,Stnd,UFA,"$4,175,000",79,152,21,39,60,18:59,"$27,467","$198,809","$107,051","$69,583","$2,783"
223,"van Riemsdyk, James",LW,24,Stnd,UFA,"$4,250,000",80,279,30,31,61,21:03,"$15,232","$141,666","$137,096","$69,672","$2,523"
224,"Nolan, Jordan",LW,24,Stnd,RFA,"$700,000",64,58,6,4,10,9:00,"$12,068","$116,666","$175,000","$70,000","$1,215"
225,"Brassard, Derick","LW, C",26,Stnd,RFA,"$3,200,000",81,159,18,27,45,15:47,"$20,125","$177,777","$118,518","$71,111","$2,503"
226,"Ranger, Paul",LD,29,Stnd,UFA,"$1,000,000",53,59,6,8,14,17:25,"$16,949","$166,666","$125,000","$71,428","$1,083"
227,"Martin, Matt","LW, RW",24,Stnd,UFA,"$1,000,000",79,120,8,6,14,11:53,"$8,333","$125,000","$166,666","$71,428","$1,065"
228,"Zidlicky, Marek",RD,36,35+,UFA,"$3,000,000",81,128,12,30,42,21:38,"$23,437","$250,000","$100,000","$71,428","$1,712"
229,"Alfredsson, Daniel",RW,41,35+,UFA,"$3,500,000",68,151,18,31,49,16:55,"$23,178","$194,444","$112,903","$71,428","$3,042"
230,"Murphy, Ryan",RD,20,ELC,RFA,"$863,333",48,81,2,10,12,18:17,"$10,658","$431,666","$86,333","$71,944",$983
231,"Smith-Pelly, Devante","RW, LW",21,ELC,RFA,"$720,000",19,23,2,8,10,12:38,"$31,304","$359,999","$89,999","$72,000","$2,999"
232,"Paille, Daniel",LW,29,Stnd,UFA,"$1,300,000",72,71,9,9,18,10:57,"$18,309","$144,444","$144,444","$72,222","$1,648"
233,"Hedman, Victor",LD,23,Stnd,UFA,"$4,000,000",75,170,13,42,55,22:26,"$23,529","$307,692","$95,238","$72,727","$2,377"
234,"Lapierre, Maxim",C,28,Stnd,UFA,"$1,100,000",71,78,9,6,15,11:10,"$14,102","$122,222","$183,333","$73,333","$1,387"
235,"Little, Bryan","C, RW",26,Stnd,UFA,"$4,700,000",82,170,23,41,64,20:00,"$27,647","$204,347","$114,634","$73,437","$2,865"
236,"Braun, Justin",RD,26,Stnd,UFA,"$1,250,000",82,121,4,13,17,20:59,"$10,330","$312,500","$96,153","$73,529",$726
237,"Galiardi, TJ",LW,25,Stnd,UFA,"$1,250,000",62,100,4,13,17,14:36,"$12,500","$312,500","$96,153","$73,529","$1,380"
238,"Stempniak, Lee",RW,30,Stnd,UFA,"$2,500,000",73,178,12,22,34,18:27,"$14,044","$208,333","$113,636","$73,529","$1,856"
239,"Hudler, Jiri","LW, RW",29,Stnd,UFA,"$4,000,000",75,109,17,37,54,18:50,"$36,697","$235,294","$108,108","$74,074","$2,831"
240,"Selanne, Teemu",RW,43,35+,UFA,"$2,000,000",64,111,9,18,27,14:07,"$18,018","$222,222","$111,111","$74,074","$2,213"
241,"Cole, Ian",LD/RD,24,Stnd,RFA,"$825,000",46,45,3,8,11,15:05,"$18,333","$275,000","$103,125","$75,000","$1,189"
242,"Reaves, Ryan",RW,26,Stnd,UFA,"$600,000",63,25,2,6,8,8:31,"$24,000","$300,000","$100,000","$75,000","$1,118"
243,"Pacioretty, Max",LW,25,Stnd,UFA,"$4,500,000",73,270,39,21,60,18:29,"$16,666","$115,384","$214,285","$75,000","$3,335"
244,"Gomez, Scott",C,34,Stnd,UFA,"$900,000",46,56,2,10,12,13:07,"$16,071","$450,000","$90,000","$75,000","$1,491"
245,"Hall, Taylor",LW,22,Stnd,UFA,"$6,000,000",75,250,27,53,80,20:00,"$24,000","$222,222","$113,207","$75,000","$4,000"
246,"Bellemore, Brett",D,25,Stnd,UFA,"$600,000",64,54,2,6,8,17:28,"$11,111","$300,000","$100,000","$75,000",$536
247,"Stone, Mark",RW,21,ELC,RFA,"$603,333",19,36,4,4,8,14:28,"$16,759","$150,833","$150,833","$75,416","$2,195"
248,"Sharp, Patrick","LW, C",32,Stnd,UFA,"$5,900,000",82,313,34,44,78,18:53,"$18,849","$173,529","$134,090","$75,641","$3,810"
249,"Krejci, David",C,27,Stnd,UFA,"$5,250,000",80,169,19,50,69,19:07,"$31,065","$276,315","$105,000","$76,086","$3,432"
250,"Matthias, Shawn","C, LW",25,Stnd,UFA,"$1,750,000",77,127,12,11,23,13:00,"$13,779","$145,833","$159,090","$76,086","$1,748"
251,"Campbell, Gregory","C, LW",30,Stnd,UFA,"$1,600,000",82,84,8,13,21,11:54,"$19,047","$200,000","$123,076","$76,190","$1,639"
252,"Merrill, Jon",LD,21,ELC,UFA,"$840,000",52,45,2,9,11,19:13,"$18,666","$420,000","$93,333","$76,363",$840
253,"Clune, Rich",LW,26,Stnd,UFA,"$537,500",58,29,3,4,7,8:27,"$18,534","$179,166","$134,375","$76,785","$1,096"
254,"Cliche, Marc-Andre",C,26,Stnd,UFA,"$537,500",76,69,1,6,7,10:33,"$7,789","$537,500","$89,583","$76,785",$670
255,"Carter, Ryan","C, LW",30,Stnd,UFA,"$775,000",62,69,7,3,10,11:19,"$11,231","$110,714","$258,333","$77,500","$1,104"
256,"Condra, Erik",RW,27,Stnd,UFA,"$1,250,000",76,85,6,10,16,11:38,"$14,705","$208,333","$125,000","$78,124","$1,413"
257,"O'Reilly, Ryan",C,22,Stnd,RFA,"$5,000,000",80,201,28,36,64,19:49,"$24,875","$178,571","$138,888","$78,125","$3,153"
258,"Fiddler, Vernon","C, LW",33,Stnd,UFA,"$1,800,000",76,109,6,17,23,13:17,"$16,513","$300,000","$105,882","$78,260","$1,783"
259,"Dalpe, Zac",C,24,Stnd,UFA,"$550,000",55,52,4,3,7,7:07,"$10,576","$137,500","$183,333","$78,571","$1,405"
260,"Thorburn, Chris","RW, LW",30,Stnd,UFA,"$866,667",55,26,2,9,11,8:57,"$33,333","$433,333","$96,296","$78,787","$1,760"
261,"Backes, David","C, RW",29,Stnd,UFA,"$4,500,000",74,165,27,30,57,19:32,"$27,272","$166,666","$150,000","$78,947","$3,113"
262,"Foligno, Nick","LW, C, RW",26,Stnd,UFA,"$3,083,333",70,111,18,21,39,16:03,"$27,777","$171,296","$146,825","$79,059","$2,744"
263,"Holland, Peter",C,22,ELC,RFA,"$870,000",43,43,6,5,11,11:20,"$20,232","$145,000","$174,000","$79,090","$1,785"
264,"Etem, Emerson","LW, RW",21,ELC,RFA,"$870,000",29,44,7,4,11,12:47,"$19,772","$124,285","$217,500","$79,090","$2,346"
265,"Järnkrok, Calle","LW, C, RW",22,ELC,RFA,"$715,000",12,13,2,7,9,14:04,"$55,000","$357,500","$102,142","$79,444","$4,235"
266,"Sutter, Brandon","RW, C",24,Stnd,RFA,"$2,066,667",81,144,13,13,26,15:46,"$14,351","$158,974","$158,974","$79,487","$1,618"
267,"Hörnqvist, Patric",RW,26,Stnd,UFA,"$4,250,000",76,248,22,31,53,16:51,"$17,137","$193,181","$137,096","$80,188","$3,318"
268,"Bergeron, Patrice",C,28,Stnd,UFA,"$5,000,000",80,243,30,32,62,17:59,"$20,576","$166,666","$156,250","$80,645","$3,475"
269,"Wheeler, Blake","RW, C",27,Stnd,UFA,"$5,600,000",82,225,28,41,69,18:41,"$24,888","$200,000","$136,585","$81,159","$3,655"
270,"Baertschi, Sven",LW,21,ELC,RFA,"$894,167",26,30,2,9,11,14:06,"$29,805","$447,083","$99,351","$81,287","$2,439"
271,"Ladd, Andrew",LW,28,Stnd,UFA,"$4,400,000",78,189,23,31,54,19:43,"$23,280","$191,304","$141,935","$81,481","$2,861"
272,"St. Louis, Martin",RW,38,35+,UFA,"$5,625,000",81,204,30,39,69,20:56,"$27,573","$187,500","$144,230","$81,521","$3,317"
273,"Diaz, Raphael",RD,27,Stnd,UFA,"$1,225,000",63,68,2,13,15,17:58,"$18,014","$612,500","$94,230","$81,666","$1,082"
274,"Neal, James","RW, LW",26,Stnd,UFA,"$5,000,000",59,238,27,34,61,18:26,"$21,008","$185,185","$147,058","$81,967","$4,597"
275,"Glendening, Luke","C, RW, LW",24,ELC,RFA,"$575,000",56,54,1,6,7,13:54,"$10,648","$575,000","$95,833","$82,142",$738
276,"Trocheck, Vincent","C, RW",20,ELC,RFA,"$661,667",20,38,5,3,8,18:53,"$17,412","$132,333","$220,555","$82,708","$1,751"
277,"Sestito, Tom",LW,26,Stnd,UFA,"$750,000",77,31,5,4,9,6:27,"$24,193","$150,000","$187,500","$83,333","$1,510"
278,"Hannan, Scott",D,34,Stnd,UFA,"$1,000,000",56,52,3,9,12,17:46,"$19,230","$333,333","$111,111","$83,333","$1,005"
279,"Tavares, John",C,23,Stnd,UFA,"$5,500,000",59,188,24,42,66,21:14,"$29,255","$229,166","$130,952","$83,333","$4,390"
280,"Crosby, Sidney",C,26,Stnd,UFA,"$8,700,000",80,259,36,68,104,21:58,"$33,590","$241,666","$127,941","$83,653","$4,950"
281,"Dubinsky, Brandon","C, LW",27,Stnd,UFA,"$4,200,000",76,189,16,34,50,18:46,"$22,222","$262,500","$123,529","$84,000","$2,944"
282,"Anisimov, Artem","C, LW",25,Stnd,UFA,"$3,283,333",81,162,22,17,39,16:35,"$20,267","$149,242","$193,137","$84,188","$2,444"
283,"Glass, Tanner",LW,30,Stnd,UFA,"$1,100,000",67,56,4,9,13,11:47,"$19,642","$275,000","$122,222","$84,615","$1,393"
284,"Weaver, Mike",D,35,Stnd,UFA,"$1,100,000",72,53,1,12,13,18:29,"$20,754","$1,100,000","$91,666","$84,615",$826
285,"Bäckström, Nicklas",C,26,Stnd,UFA,"$6,700,000",82,196,18,61,79,19:48,"$34,183","$372,222","$109,836","$84,810","$4,126"
286,"Marchand, Brad",LW,25,Stnd,UFA,"$4,500,000",82,149,25,28,53,15:56,"$30,201","$180,000","$160,714","$84,905","$3,444"
287,"Brouwer, Troy","LW, RW",28,Stnd,UFA,"$3,666,667",82,161,25,18,43,18:50,"$22,774","$146,666","$203,703","$85,271","$2,374"
288,"Larsen, Philip",D,24,Stnd,RFA,"$1,025,000",30,47,3,9,12,17:10,"$21,808","$341,666","$113,888","$85,416","$1,990"
289,"Connauton, Kevin",LD,23,Stnd,UFA,"$683,333",36,56,1,7,8,15:19,"$12,202","$683,333","$97,619","$85,416","$1,239"
290,"Giordano, Mark",LD,30,Stnd,UFA,"$4,020,000",64,180,14,33,47,25:14:00,"$22,333","$287,142","$121,818","$85,531","$2,489"
291,"Grabovski, Mikhail","C, RW",29,Stnd,UFA,"$3,000,000",58,81,13,22,35,15:45,"$37,037","$230,769","$136,363","$85,714","$3,284"
292,"Bozak, Tyler","C, RW",27,Stnd,UFA,"$4,200,000",58,90,19,30,49,20:56,"$46,666","$221,052","$140,000","$85,714","$3,459"
293,"Pyatt, Tom",C,26,Stnd,UFA,"$600,000",27,27,3,4,7,11:27,"$22,222","$200,000","$150,000","$85,714","$1,940"
294,"Fisher, Mike",C,33,Stnd,UFA,"$4,200,000",75,177,20,29,49,19:45,"$23,728","$210,000","$144,827","$85,714","$2,835"
295,"Smith, Zack","LW, C",25,Stnd,UFA,"$1,887,500",82,154,13,9,22,15:31,"$12,256","$145,192","$209,722","$85,795","$1,483"
296,"Strait, Brian",LD,25,Stnd,UFA,"$775,000",47,40,3,6,9,17:57,"$19,375","$258,333","$129,166","$86,111",$918
297,"Filppula, Valtteri","C, LW",29,Stnd,UFA,"$5,000,000",75,131,25,33,58,19:58,"$38,167","$200,000","$151,515","$86,206","$3,338"
298,"Bailey, Josh","RW, LW",24,Stnd,UFA,"$3,300,000",77,98,8,30,38,15:50,"$33,673","$412,500","$110,000","$86,842","$2,706"
299,"Wiercioch, Patrick",LD,23,Stnd,UFA,"$2,000,000",53,97,4,19,23,16:22,"$20,618","$500,000","$105,263","$86,956","$2,305"
300,"Leddy, Nick",LD,22,Stnd,RFA,"$2,700,000",82,123,7,24,31,16:22,"$21,951","$385,714","$112,500","$87,096","$2,011"
301,"Karlsson, Erik",RD,23,Stnd,UFA,"$6,500,000",82,257,20,54,74,27:04:00,"$25,291","$325,000","$120,370","$87,837","$2,928"
302,"Hossa, Marián",RW,34,Stnd,UFA,"$5,275,000",72,241,30,30,60,18:16,"$21,887","$175,833","$175,833","$87,916","$4,010"
303,"Tanev, Christopher",RD,24,Stnd,RFA,"$1,500,000",64,65,6,11,17,20:44,"$23,076","$250,000","$136,363","$88,235","$1,130"
304,"Legwand, David","C, LW",33,Stnd,UFA,"$4,500,000",83,146,14,37,51,16:58,"$30,821","$321,428","$121,621","$88,235","$3,195"
305,"Pominville, Jason",RW,31,Stnd,UFA,"$5,300,000",82,226,30,30,60,18:35,"$23,451","$176,666","$176,666","$88,333","$3,478"
306,"McLeod, Cody","LW, RW",29,Stnd,UFA,"$1,150,000",71,76,5,8,13,10:19,"$15,131","$230,000","$143,750","$88,461","$1,570"
307,"Williams, Justin",RW,32,Stnd,UFA,"$3,825,000",82,239,19,24,43,16:57,"$16,004","$201,315","$159,375","$88,953","$2,751"
308,"Cooke, Matt",LW,35,Stnd,UFA,"$2,500,000",82,104,10,18,28,15:24,"$24,038","$250,000","$138,888","$89,285","$1,979"
309,"Wilson, Tom",RW,19,ELC,RFA,"$894,167",82,63,3,7,10,7:56,"$14,193","$298,055","$127,738","$89,416","$1,374"
310,"Cullen, Matt","C, LW",37,35+,UFA,"$3,500,000",77,134,10,29,39,15:29,"$26,119","$349,999","$120,689","$89,743","$2,935"
311,"O'Dell, Eric",C,23,Stnd,RFA,"$630,000",30,17,3,4,7,9:41,"$37,058","$210,000","$157,500","$90,000","$2,168"
312,"Corvo, Joe",D,36,35+,UFA,"$900,000",25,54,3,7,10,17:31,"$16,666","$300,000","$128,571","$90,000","$2,055"
313,"Miller, Drew","LW, RW",29,Stnd,UFA,"$1,350,000",82,117,7,8,15,14:08,"$11,538","$192,857","$168,750","$90,000","$1,164"
314,"Keith, Duncan",LD,30,Stnd,UFA,"$5,538,462",79,198,6,55,61,24:38:00,"$27,972","$923,077","$100,699","$90,794","$2,846"
315,"Bordeleau, Patrick","LW, RW",27,Stnd,UFA,"$1,000,000",82,37,6,5,11,6:53,"$27,027","$166,666","$200,000","$90,909","$1,771"
316,"Kane, Patrick",RW,25,Stnd,UFA,"$6,300,000",69,227,29,40,69,19:36,"$27,753","$217,241","$157,500","$91,304","$4,658"
317,"Hartnell, Scott",LW,31,Stnd,UFA,"$4,750,000",78,207,20,32,52,16:52,"$22,946","$237,500","$148,437","$91,346","$3,610"
318,"Ellis, Matt",LW,32,Stnd,UFA,"$550,000",50,70,4,2,6,9:28,"$7,857","$137,500","$275,000","$91,666","$1,161"
319,"Miller, Kevan",RD,26,Stnd,RFA,"$550,000",47,41,1,5,6,17:27,"$13,414","$550,000","$110,000","$91,666",$670
320,"Thornton, Joe","C, LW",34,Stnd,UFA,"$7,000,000",82,122,11,65,76,18:55,"$57,377","$636,363","$107,692","$92,105","$4,512"
321,"Eberle, Jordan",RW,23,Stnd,UFA,"$6,000,000",80,200,28,37,65,19:32,"$30,000","$214,285","$162,162","$92,307","$3,839"
322,"Toews, Jonathan",C,25,Stnd,UFA,"$6,300,000",76,193,28,40,68,20:28,"$32,642","$225,000","$157,500","$92,647","$4,050"
323,"Byfuglien, Dustin",RD,28,Stnd,UFA,"$5,200,000",78,256,20,36,56,23:05,"$20,312","$260,000","$144,444","$92,857","$2,888"
324,"Henrique, Adam",C,23,Stnd,UFA,"$4,000,000",77,137,25,18,43,18:03,"$29,197","$160,000","$222,222","$93,023","$2,878"
325,"Greene, Andy",LD/RD,31,Stnd,UFA,"$3,000,000",82,134,8,24,32,24:34:00,"$22,388","$375,000","$125,000","$93,750","$1,489"
326,"McGrattan, Brian",RW,32,Stnd,UFA,"$750,000",76,79,4,4,8,6:43,"$9,493","$187,500","$187,500","$93,750","$1,469"
327,"Shattenkirk, Kevin",RD,24,Stnd,UFA,"$4,250,000",81,188,10,35,45,20:34,"$22,606","$425,000","$121,428","$94,444","$2,551"
328,"Boyle, Brian","LW, C",29,Stnd,UFA,"$1,700,000",82,137,6,12,18,12:45,"$12,408","$283,333","$141,666","$94,444","$1,626"
329,"Upshall, Scottie",LW,30,Stnd,UFA,"$3,500,000",76,161,15,22,37,15:55,"$21,739","$233,333","$159,090","$94,594","$2,893"
330,"Bergenheim, Sean",LW,29,Stnd,UFA,"$2,750,000",62,190,16,13,29,16:30,"$14,473","$171,875","$211,538","$94,827","$2,688"
331,"Getzlaf, Ryan",C,28,Stnd,UFA,"$8,250,000",77,204,31,56,87,21:17,"$40,441","$266,129","$147,321","$94,827","$5,034"
332,"Johnson, Erik",RD,25,Stnd,UFA,"$3,750,000",80,157,9,30,39,23:00,"$23,885","$416,666","$125,000","$96,153","$2,038"
333,"Franzen, Johan","RW, LW",34,Stnd,UFA,"$3,954,545",54,149,16,25,41,17:39,"$26,540","$247,159","$158,181","$96,452","$4,149"
334,"Hodgson, Cody","C, RW",23,Stnd,UFA,"$4,250,000",72,182,20,24,44,18:08,"$23,351","$212,500","$177,083","$96,590","$3,255"
335,"Kronwall, Niklas",LD,32,Stnd,UFA,"$4,750,000",79,110,8,41,49,24:18:00,"$43,181","$593,750","$115,853","$96,938","$2,474"
336,"Kopitar, Anze",C,26,Stnd,UFA,"$6,800,000",82,200,29,41,70,20:53,"$34,000","$234,482","$165,853","$97,142","$3,970"
337,"Smyth, Ryan",LW,37,35+,UFA,"$2,250,000",72,129,10,13,23,15:25,"$17,441","$225,000","$173,076","$97,826","$2,027"
338,"Marleau, Patrick","LW, C",34,Stnd,UFA,"$6,900,000",82,285,33,37,70,20:31,"$24,210","$209,090","$186,486","$98,571","$4,101"
339,"Boucher, Reid",LW,20,ELC,RFA,"$692,500",23,27,2,5,7,11:21,"$25,648","$346,250","$138,500","$98,928","$2,652"
340,"Ceci, Cody",RD,20,ELC,RFA,"$894,167",49,82,3,6,9,17:12,"$10,904","$298,055","$149,027","$99,351","$1,060"
341,"Pardy, Adam",LD,29,Stnd,UFA,"$600,000",60,47,0,6,6,14:25,"$12,765",∞,"$100,000","$100,000",$693
342,"Beagle, Jay",C,28,Stnd,UFA,"$900,000",62,60,4,5,9,11:14,"$15,000","$225,000","$180,000","$100,000","$1,292"
343,"Kuznetsov, Evgeny",C,21,ELC,RFA,"$900,000",17,22,3,6,9,13:28,"$40,909","$300,000","$150,000","$100,000","$3,931"
344,"Schroeder, Jordan","C, RW",23,Stnd,RFA,"$600,000",25,25,3,3,6,12:00,"$24,000","$200,000","$200,000","$100,000","$2,000"
345,"Thompson, Nate",C,29,Stnd,UFA,"$1,600,000",81,105,9,7,16,12:51,"$15,238","$177,777","$228,571","$100,000","$1,537"
346,"Pääjärvi, Magnus","LW, RW",22,Stnd,RFA,"$1,200,000",55,60,6,6,12,10:14,"$20,000","$200,000","$200,000","$100,000","$2,132"
347,"Ekholm, Mattias",LD,23,ELC,RFA,"$900,000",62,58,1,8,9,16:49,"$15,517","$900,000","$112,500","$100,000",$863
348,"Josi, Roman",LD,23,Stnd,UFA,"$4,000,000",72,168,13,27,40,26:25:00,"$23,809","$307,692","$148,148","$100,000","$2,103"
349,"Gudbranson, Erik",RD,21,ELC,RFA,"$900,000",65,92,3,6,9,17:58,"$9,782","$300,000","$150,000","$100,000",$770
350,"Harrison, Jay",LD,31,Stnd,UFA,"$1,500,000",68,103,4,11,15,16:37,"$14,563","$375,000","$136,363","$100,000","$1,327"
351,"Berglund, Patrik","C, LW",25,Stnd,RFA,"$3,250,000",78,144,14,18,32,16:10,"$22,569","$232,142","$180,555","$101,562","$2,577"
352,"Lucic, Milan",LW,25,Stnd,UFA,"$6,000,000",80,153,24,35,59,17:22,"$39,215","$250,000","$171,428","$101,694","$4,318"
353,"Spurgeon, Jared",RD,24,Stnd,RFA,"$2,666,667",67,91,5,21,26,22:38,"$29,304","$533,333","$126,984","$102,564","$1,758"
354,"Megna, Jayson",RW,23,ELC,RFA,"$925,000",36,36,5,4,9,10:29,"$25,694","$185,000","$231,250","$102,777","$2,450"
355,"Ryder, Michael",RW,33,Stnd,UFA,"$3,500,000",82,166,18,16,34,15:46,"$21,084","$194,444","$218,750","$102,941","$2,707"
356,"Petry, Jeff",RD,26,Stnd,RFA,"$1,750,000",80,96,7,10,17,21:35,"$18,229","$250,000","$175,000","$102,941","$1,013"
357,"Prosser, Nate",RD,27,Stnd,UFA,"$825,000",53,30,2,6,8,14:31,"$27,499","$412,500","$137,500","$103,125","$1,072"
358,"Westgarth, Kevin",RW,29,Stnd,UFA,"$725,000",48,31,4,3,7,6:29,"$23,387","$181,250","$241,666","$103,571","$2,329"
359,"Elias, Patrik","C, LW",37,35+,UFA,"$5,500,000",65,116,18,35,53,17:52,"$47,413","$305,555","$157,142","$103,773","$4,735"
360,"Jokinen, Olli",C,35,Stnd,UFA,"$4,500,000",82,171,18,25,43,17:01,"$26,315","$250,000","$180,000","$104,651","$3,224"
361,"Vanek, Thomas","LW, RW",29,Stnd,UFA,"$7,142,857",78,248,27,41,68,19:21,"$28,801","$264,550","$174,216","$105,042","$4,732"
362,"Pearson, Tanner",LW,21,ELC,RFA,"$735,833",25,31,3,4,7,10:48,"$23,736","$245,277","$183,958","$105,119","$2,725"
363,"Perry, Corey",RW,28,Stnd,UFA,"$8,625,000",81,280,43,39,82,19:28,"$30,803","$200,581","$221,153","$105,182","$5,469"
364,"Carter, Jeff","C, RW",28,Stnd,UFA,"$5,272,727",72,256,27,23,50,18:57,"$20,596","$195,286","$229,249","$105,454","$3,864"
365,"McBain, Jamie",RD,25,Stnd,UFA,"$1,800,000",69,98,6,11,17,20:09,"$18,367","$300,000","$163,636","$105,882","$1,294"
366,"Skinner, Jeff","LW, RW",21,Stnd,UFA,"$5,725,000",71,274,33,21,54,17:11,"$20,894","$173,484","$272,619","$106,018","$4,692"
367,"Spezza, Jason","C, RW",30,Stnd,UFA,"$7,000,000",75,223,23,43,66,18:12,"$31,390","$304,347","$162,790","$106,060","$5,128"
368,"Stajan, Matt",C,30,Stnd,UFA,"$3,500,000",63,70,14,19,33,18:22,"$50,000","$250,000","$184,210","$106,060","$3,024"
369,"Carrick, Connor",RD,19,ELC,RFA,"$636,667",34,26,1,5,6,15:58,"$24,487","$636,667","$127,333","$106,111","$1,172"
370,"Ryan, Bobby","RW, LW",26,Stnd,UFA,"$5,100,000",70,190,23,25,48,16:52,"$26,842","$221,739","$204,000","$106,250","$4,319"
371,"Helm, Darren","C, LW, RW",26,Stnd,UFA,"$2,125,000",42,83,12,8,20,15:10,"$25,602","$177,083","$265,625","$106,250","$3,335"
372,"Glencross, Curtis",LW,31,Stnd,UFA,"$2,550,000",38,77,12,12,24,17:37,"$33,116","$212,500","$212,500","$106,250","$3,809"
373,"Butler, Chris",RD,27,Stnd,UFA,"$1,700,000",82,83,2,14,16,20:15,"$20,481","$850,000","$121,428","$106,250","$1,023"
374,"Purcell, Teddy","RW, LW",28,Stnd,UFA,"$4,500,000",81,157,12,30,42,16:27,"$28,662","$375,000","$150,000","$107,142","$3,377"
375,"Carlson, John",RD,23,Stnd,UFA,"$3,966,667",82,208,10,27,37,24:30:00,"$19,070","$396,666","$146,913","$107,207","$1,974"
376,"Wisniewski, James",RD,29,Stnd,UFA,"$5,500,000",75,166,7,44,51,22:37,"$33,132","$785,714","$125,000","$107,843","$3,242"
377,"Roy, Derek",C,30,Stnd,UFA,"$4,000,000",75,114,9,28,37,13:37,"$35,087","$444,444","$142,857","$108,108","$3,916"
378,"Peverley, Rich",C,31,Stnd,UFA,"$3,250,000",62,122,7,23,30,15:23,"$26,639","$464,285","$141,304","$108,333","$3,407"
379,"McDonagh, Ryan",LD,24,Stnd,UFA,"$4,700,000",77,177,14,29,43,24:49:00,"$26,553","$335,714","$162,068","$109,302","$2,459"
380,"Goligoski, Alex",LD/RD,28,Stnd,UFA,"$4,600,000",81,141,6,36,42,24:18:00,"$32,624","$766,666","$127,777","$109,523","$2,337"
381,"Kearns, Bracken",C,32,Stnd,UFA,"$550,000",25,37,3,2,5,13:11,"$14,864","$183,333","$275,000","$110,000","$1,668"
382,"Conner, Chris",RW,30,Stnd,UFA,"$550,000",19,17,4,1,5,11:46,"$32,352","$137,500","$550,000","$110,000","$2,460"
383,"Hoffman, Mike","RW, LW",24,Stnd,RFA,"$660,000",25,61,3,3,6,13:11,"$10,819","$220,000","$220,000","$110,000","$2,002"
384,"Stastny, Paul","C, LW",28,Stnd,UFA,"$6,600,000",71,150,25,35,60,18:23,"$44,000","$264,000","$188,571","$110,000","$5,056"
385,"Downie, Steve","RW, LW",26,Stnd,UFA,"$2,650,000",62,88,4,20,24,14:06,"$30,113","$662,500","$132,500","$110,416","$3,031"
386,"Setoguchi, Devin",RW,26,Stnd,UFA,"$3,000,000",75,129,11,16,27,15:03,"$23,255","$272,727","$187,500","$111,111","$2,657"
387,"Michalek, Milan","LW, RW",29,Stnd,UFA,"$4,333,333",82,169,17,22,39,17:35,"$25,641","$254,901","$196,969","$111,111","$3,005"
388,"Bartley, Victor",LD,25,Stnd,UFA,"$666,667",50,21,1,5,6,15:21,"$31,746","$666,667","$133,333","$111,111",$868
389,"Prout, Dalton",RD,23,ELC,RFA,"$666,667",49,56,2,4,6,17:12,"$11,904","$333,333","$166,666","$111,111",$791
390,"Fowler, Cam",LD,22,Stnd,UFA,"$4,000,000",70,100,6,30,36,23:51,"$40,000","$666,666","$133,333","$111,111","$2,395"
391,"Peluso, Anthony",RW,24,Stnd,RFA,"$562,500",53,24,2,3,5,5:46,"$23,437","$281,250","$187,500","$112,500","$1,840"
392,"Tangradi, Eric",LW,24,Stnd,UFA,"$675,000",55,52,3,3,6,8:38,"$12,980","$225,000","$225,000","$112,500","$1,421"
393,"Eriksson, Loui","LW, RW",28,Stnd,UFA,"$4,250,000",61,115,10,27,37,16:31,"$36,956","$425,000","$157,407","$114,864","$4,218"
394,"Crombeen, B.J.",RW,28,Stnd,UFA,"$1,150,000",55,60,3,7,10,10:10,"$19,166","$383,333","$164,285","$115,000","$2,056"
395,"Grabner, Michael","LW, RW",26,Stnd,UFA,"$3,000,000",64,137,12,14,26,14:11,"$21,897","$250,000","$214,285","$115,384","$3,304"
396,"Sustr, Andrej",RD,23,ELC,RFA,"$925,000",43,39,1,7,8,15:47,"$23,717","$925,000","$132,142","$115,625","$1,362"
397,"Kesler, Ryan","C, RW",29,Stnd,UFA,"$5,000,000",77,239,25,18,43,21:48,"$20,920","$200,000","$277,777","$116,279","$2,978"
398,"Plekanec, Tomas",C,31,Stnd,UFA,"$5,000,000",81,199,20,23,43,19:46,"$25,125","$250,000","$217,391","$116,279","$3,122"
399,"Hemsky, Ales",RW,30,Stnd,UFA,"$5,000,000",75,138,13,30,43,15:57,"$36,231","$384,615","$166,666","$116,279","$4,179"
400,"White, Ryan",C,25,Stnd,UFA,"$700,000",52,51,2,4,6,9:41,"$13,725","$350,000","$175,000","$116,666","$1,390"
401,"Brown, Dustin","RW, LW",29,Stnd,UFA,"$3,175,000",79,195,15,12,27,15:50,"$16,282","$211,666","$264,583","$117,592","$2,538"
402,"Emelin, Alexei",LD,27,Stnd,UFA,"$2,000,000",59,58,3,14,17,19:15,"$34,482","$666,666","$142,857","$117,647","$1,760"
403,"Stafford, Drew","RW, LW",28,Stnd,UFA,"$4,000,000",70,185,16,18,34,18:38,"$21,621","$250,000","$222,222","$117,647","$3,066"
404,"Brodziak, Kyle",C,29,Stnd,UFA,"$2,833,333",81,115,8,16,24,16:13,"$24,637","$354,166","$177,083","$118,055","$2,157"
405,"Fayne, Mark",RD,26,Stnd,UFA,"$1,300,000",72,88,4,7,11,18:18,"$14,772","$325,000","$185,714","$118,181",$986
406,"Callahan, Ryan",RW,28,Stnd,UFA,"$4,275,000",65,163,17,19,36,18:38,"$26,226","$251,470","$225,000","$118,750","$3,529"
407,"Nystrom, Eric","LW, RW",30,Stnd,UFA,"$2,500,000",79,120,15,6,21,14:51,"$20,833","$166,666","$416,666","$119,047","$2,131"
408,"Zubrus, Dainius",LW,35,35+,UFA,"$3,100,000",82,121,13,13,26,17:33,"$25,619","$238,461","$238,461","$119,230","$2,154"
409,"Lupul, Joffrey","LW, RW",30,Stnd,UFA,"$5,250,000",69,191,22,22,44,18:27,"$27,486","$238,636","$238,636","$119,318","$4,123"
410,"Streit, Mark",RD,36,35+,UFA,"$5,250,000",82,121,10,34,44,20:38,"$43,388","$525,000","$154,411","$119,318","$3,102"
411,"Zajac, Travis",C,28,Stnd,UFA,"$5,750,000",80,165,18,30,48,20:18,"$34,848","$319,444","$191,666","$119,791","$3,540"
412,"Burns, Brent",RD,28,Stnd,UFA,"$5,760,000",69,245,22,26,48,16:48,"$23,510","$261,818","$221,538","$120,000","$4,968"
413,"Stoll, Jarret",C,31,Stnd,UFA,"$3,250,000",78,109,8,19,27,15:51,"$29,816","$406,250","$171,052","$120,370","$2,628"
414,"Lewis, Trevor",RW,26,Stnd,UFA,"$1,325,000",73,111,6,5,11,13:15,"$11,936","$220,833","$265,000","$120,454","$1,369"
415,"Ovechkin, Alex","LW, RW",28,Stnd,UFA,"$9,538,462",78,386,51,28,79,20:32,"$24,711","$187,028","$340,659","$120,740","$5,955"
416,"Malkin, Evgeni",C,27,Stnd,UFA,"$8,700,000",60,191,23,49,72,20:03,"$45,549","$378,260","$177,551","$120,833","$7,231"
417,"Lashoff, Brian",LD,23,Stnd,RFA,"$725,000",75,38,1,5,6,14:25,"$19,078","$725,000","$145,000","$120,833",$670
418,"Parenteau, PA",RW,30,Stnd,UFA,"$4,000,000",55,110,14,19,33,16:57,"$36,363","$285,714","$210,526","$121,212","$4,290"
419,"Ehrhoff, Christian",LD,31,Stnd,UFA,"$4,000,000",79,161,6,27,33,23:54,"$24,844","$666,666","$148,148","$121,212","$2,118"
420,"Lecavalier, Vincent","C, LW",33,Stnd,UFA,"$4,500,000",69,132,20,17,37,15:11,"$34,090","$225,000","$264,705","$121,621","$4,295"
421,"Marincin, Martin",LD,21,ELC,RFA,"$730,000",44,28,0,6,6,19:09,"$26,071",∞,"$121,666","$121,666",$866
422,"Sedin, Henrik",C,33,Stnd,UFA,"$6,100,000",70,97,11,39,50,20:40,"$62,886","$554,545","$156,410","$122,000","$4,216"
423,"Versteeg, Kris","LW, RW",27,Stnd,UFA,"$4,400,000",81,157,12,24,36,14:27,"$28,025","$366,666","$183,333","$122,222","$3,759"
424,"Ellerby, Keaton",D,25,Stnd,UFA,"$735,000",51,33,2,4,6,13:54,"$22,272","$367,500","$183,750","$122,500","$1,036"
425,"Jackman, Tim",RW,32,Stnd,UFA,"$612,500",36,46,4,1,5,7:06,"$13,315","$153,125","$612,500","$122,500","$2,396"
426,"Voynov, Slava",RD,23,Stnd,UFA,"$4,166,666",82,143,4,30,34,22:17,"$29,137","$1,041,666","$138,888","$122,549","$2,280"
427,"Gionta, Brian",RW,34,Stnd,UFA,"$5,000,000",81,184,18,22,40,17:50,"$27,173","$277,777","$227,272","$125,000","$3,461"
428,"Koivu, Mikko",C,30,Stnd,UFA,"$6,750,000",65,147,11,43,54,20:56,"$45,918","$613,636","$156,976","$125,000","$4,960"
429,"Frattin, Matt",RW,25,Stnd,RFA,"$875,000",44,61,2,5,7,12:00,"$14,344","$437,500","$175,000","$125,000","$1,657"
430,"Kindl, Jakub",LD,26,Stnd,UFA,"$2,400,000",66,93,2,17,19,17:13,"$25,806","$1,200,000","$141,176","$126,315","$2,112"
431,"Zetterberg, Henrik",C,33,Stnd,UFA,"$6,083,333",45,151,16,32,48,20:33,"$40,286","$380,208","$190,104","$126,736","$6,578"
432,"Pietrangelo, Alex",RD,23,Stnd,UFA,"$6,500,000",81,164,8,43,51,25:21:00,"$39,634","$812,500","$151,162","$127,450","$3,165"
433,"Kane, Evander","LW, RW",22,Stnd,UFA,"$5,250,000",63,250,19,22,41,20:17,"$21,000","$276,315","$238,636","$128,048","$4,108"
434,"Ott, Steve","C, LW",31,Stnd,UFA,"$2,950,000",82,127,9,14,23,18:14,"$23,228","$327,777","$210,714","$128,260","$1,973"
435,"Bennett, Beau","RW, LW",22,ELC,RFA,"$900,000",21,27,3,4,7,13:50,"$33,333","$300,000","$225,000","$128,571","$3,098"
436,"Shore, Drew",C,22,ELC,RFA,"$900,000",24,23,5,2,7,11:59,"$39,130","$180,000","$450,000","$128,571","$3,129"
437,"Pysyk, Mark","RD, RW",21,ELC,RFA,"$900,000",44,51,1,6,7,19:37,"$17,647","$900,000","$150,000","$128,571","$1,042"
438,"Bertuzzi, Todd",RW,38,35+,UFA,"$2,075,000",59,100,9,7,16,14:39,"$20,750","$230,555","$296,428","$129,687","$2,400"
439,"Gagner, Sam","C, RW",24,Stnd,UFA,"$4,800,000",67,143,10,27,37,18:22,"$33,566","$480,000","$177,777","$129,729","$3,900"
440,"Sedin, Daniel",LW,33,Stnd,UFA,"$6,100,000",73,224,16,31,47,20:36,"$27,232","$381,250","$196,774","$129,787","$4,056"
441,"Methot, Marc",LD,28,Stnd,UFA,"$3,000,000",75,117,6,17,23,21:45,"$25,641","$500,000","$176,470","$130,434","$1,839"
442,"Richards, Brad","C, LW",33,Stnd,UFA,"$6,666,666",82,259,20,31,51,18:41,"$25,740","$333,333","$215,053","$130,718","$4,351"
443,"Stuart, Mark",LD,29,Stnd,UFA,"$1,700,000",69,73,2,11,13,18:38,"$23,287","$850,000","$154,545","$130,769","$1,322"
444,"Stralman, Anton",RD,27,Stnd,UFA,"$1,700,000",81,104,1,12,13,19:24,"$16,346","$1,700,000","$141,666","$130,769","$1,081"
445,"Kulikov, Dmitry",LD,23,Stnd,RFA,"$2,500,000",81,127,8,11,19,21:41,"$19,685","$312,500","$227,272","$131,578","$1,423"
446,"Daley, Trevor",RD,30,Stnd,UFA,"$3,300,000",67,107,9,16,25,21:08,"$30,841","$366,666","$206,250","$132,000","$2,330"
447,"Johnson, Jack",LD,26,Stnd,UFA,"$4,357,143",82,147,5,28,33,24:40:00,"$29,640","$871,428","$155,612","$132,034","$2,154"
448,"Hainsey, Ron",RD,32,Stnd,UFA,"$2,000,000",82,72,4,11,15,21:26,"$27,777","$500,000","$181,818","$133,333","$1,137"
449,"Cammalleri, Mike","LW, C",31,Stnd,UFA,"$6,000,000",63,191,26,19,45,19:50,"$31,413","$230,769","$315,789","$133,333","$4,801"
450,"Markov, Andrei",LD,35,Stnd,UFA,"$5,750,000",81,131,7,36,43,25:14:00,"$43,893","$821,428","$159,722","$133,720","$2,813"
451,"Clifford, Kyle",LW,22,Stnd,RFA,"$1,075,000",71,74,3,5,8,10:09,"$14,527","$358,333","$215,000","$134,375","$1,491"
452,"Parise, Zach",LW,29,Stnd,UFA,"$7,538,461",67,245,29,27,56,20:25,"$30,769","$259,946","$279,202","$134,615","$5,510"
453,"Hjalmarsson, Niklas",LD/RD,26,Stnd,UFA,"$3,500,000",81,98,4,22,26,21:16,"$35,714","$874,999","$159,090","$134,615","$2,031"
454,"Staal, Eric",C,29,Stnd,UFA,"$8,250,000",79,230,21,40,61,20:17,"$35,869","$392,857","$206,250","$135,245","$5,148"
455,"Umberger, R.J.",C,31,Stnd,UFA,"$4,600,000",74,136,18,16,34,16:10,"$33,823","$255,555","$287,500","$135,294","$3,845"
456,"Neil, Chris",RW,34,Stnd,UFA,"$1,900,000",76,99,8,6,14,11:48,"$19,191","$237,500","$316,666","$135,714","$2,118"
457,"Acton, Will",C,26,ELC,UFA,"$680,000",30,18,3,2,5,8:08,"$37,777","$226,666","$340,000","$136,000","$2,786"
458,"Cote, Jean Philippe",D,31,Stnd,UFA,"$550,000",19,12,0,4,4,10:00,"$45,833",∞,"$137,500","$137,500","$2,894"
459,"Boulton, Eric",LW,37,35+,UFA,"$550,000",23,21,2,2,4,6:24,"$26,190","$275,000","$275,000","$137,500","$3,736"
460,"Boychuk, Zach","LW, RW",24,Stnd,RFA,"$550,000",11,15,1,3,4,10:11,"$36,666","$550,000","$183,333","$137,500","$4,909"
461,"Thornton, Shawn","LW, RW",36,Stnd,UFA,"$1,100,000",64,93,5,3,8,8:47,"$11,827","$220,000","$366,666","$137,500","$1,956"
462,"Kennedy, Tyler",C,27,Stnd,UFA,"$2,350,000",67,143,4,13,17,12:43,"$16,433","$587,500","$180,769","$138,235","$2,758"
463,"Girardi, Dan",RD,29,Stnd,UFA,"$3,325,000",81,100,5,19,24,23:07,"$33,250","$665,000","$175,000","$138,541","$1,775"
464,"Garrison, Jason",LD,29,Stnd,UFA,"$4,600,000",81,181,7,26,33,20:53,"$25,414","$657,142","$176,923","$139,393","$2,719"
465,"Kulemin, Nikolai","LW, RW",27,Stnd,UFA,"$2,800,000",70,81,9,11,20,16:12,"$34,567","$311,111","$254,545","$140,000","$2,469"
466,"Richards, Mike",C,28,Stnd,UFA,"$5,750,000",82,157,11,30,41,16:58,"$36,624","$522,727","$191,666","$140,243","$4,132"
467,"Weber, Shea",RD,28,Stnd,UFA,"$7,857,143",79,195,23,33,56,26:54:00,"$40,293","$341,614","$238,095","$140,306","$3,697"
468,"Whitney, Ray",LW,41,35+,UFA,"$4,500,000",69,124,9,23,32,13:57,"$36,290","$500,000","$195,652","$140,625","$4,675"
469,"Seabrook, Brent",RD,28,Stnd,UFA,"$5,800,000",82,149,7,34,41,22:15,"$38,926","$828,571","$170,588","$141,463","$3,178"
470,"Gordon, Boyd",C,30,Stnd,UFA,"$3,000,000",74,80,8,13,21,14:45,"$37,500","$375,000","$230,769","$142,857","$2,748"
471,"Nikitin, Nikita",LD,27,Stnd,UFA,"$2,150,000",66,95,2,13,15,17:06,"$22,631","$1,075,000","$165,384","$143,333","$1,905"
472,"Jensen, Nicklas",RW,20,ELC,RFA,"$863,333",17,30,3,3,6,15:38,"$28,777","$287,777","$287,777","$143,888","$3,248"
473,"Clutterbuck, Cal",RW,26,Stnd,UFA,"$2,750,000",73,172,12,7,19,14:19,"$15,988","$229,166","$392,857","$144,736","$2,631"
474,"Howden, Quinton","C, LW",21,ELC,RFA,"$870,000",16,23,4,2,6,13:43,"$37,826","$217,500","$435,000","$145,000","$3,964"
475,"Boychuk, Johnny",RD,29,Stnd,UFA,"$3,366,667",75,142,5,18,23,21:11,"$23,708","$673,333","$187,037","$146,376","$2,119"
476,"Latta, Michael",C,22,ELC,RFA,"$586,667",17,6,1,3,4,7:42,"$97,777","$586,667","$195,555","$146,666","$4,481"
477,"Malone, Brad","C, LW",24,Stnd,UFA,"$735,000",32,16,3,2,5,6:46,"$45,937","$245,000","$367,500","$147,000","$3,394"
478,"Brown, Mike",RW,28,Stnd,UFA,"$736,667",56,45,2,3,5,7:09,"$16,370","$368,333","$245,555","$147,333","$1,839"
479,"Miller, J.T.","LW, C",20,ELC,RFA,"$894,167",30,46,3,3,6,11:27,"$19,438","$298,055","$298,055","$149,027","$2,603"
480,"McClement, Jay",C,30,Stnd,UFA,"$1,500,000",81,67,4,6,10,14:45,"$22,388","$375,000","$250,000","$150,000","$1,255"
481,"Staal, Jordan","C, LW",25,Stnd,UFA,"$6,000,000",82,165,15,25,40,18:56,"$36,363","$400,000","$240,000","$150,000","$3,864"
482,"Schmidt, Nate",LD/RD,22,ELC,RFA,"$925,000",29,41,2,4,6,18:41,"$22,560","$462,500","$231,250","$154,166","$1,707"
483,"Moen, Travis","LW, RW",31,Stnd,UFA,"$1,850,000",65,56,2,10,12,11:31,"$33,035","$925,000","$185,000","$154,166","$2,471"
484,"Zucker, Jason","LW, RW",21,ELC,RFA,"$771,667",21,40,4,1,5,12:59,"$19,291","$192,916","$771,667","$154,333","$2,830"
485,"Gaustad, Paul","C, LW",31,Stnd,UFA,"$3,250,000",75,74,10,11,21,13:48,"$43,918","$325,000","$295,454","$154,761","$3,140"
486,"McGinn, Tye",LW,23,ELC,RFA,"$775,000",18,16,4,1,5,11:10,"$48,437","$193,750","$775,000","$155,000","$3,855"
487,"Potter, Corey",RD,29,Stnd,UFA,"$775,000",19,17,0,5,5,13:46,"$45,588",∞,"$155,000","$155,000","$2,962"
488,"Cole, Erik",LW,35,Stnd,UFA,"$4,500,000",75,139,16,13,29,15:09,"$32,374","$281,250","$346,153","$155,172","$3,960"
489,"Alzner, Karl",LD,25,Stnd,UFA,"$2,800,000",82,95,2,16,18,20:32,"$29,473","$1,400,000","$175,000","$155,555","$1,662"
490,"Jeffrey, Dustin",C,25,Stnd,RFA,"$625,000",34,30,2,2,4,9:33,"$20,833","$312,500","$312,500","$156,250","$1,924"
491,"Vey, Linden","RW, C",22,ELC,RFA,"$790,000",18,8,0,5,5,12:08,"$98,750",∞,"$158,000","$158,000","$3,617"
492,"Sissons, Colton","RW, C",20,ELC,RFA,"$635,000",17,13,1,3,4,10:37,"$48,846","$635,000","$211,666","$158,750","$3,518"
493,"Gazdic, Luke",LW,24,Stnd,RFA,"$635,000",67,30,2,2,4,5:48,"$21,166","$317,500","$317,500","$158,750","$1,634"
494,"Letang, Kris",RD,26,Stnd,UFA,"$3,500,000",37,108,11,11,22,24:14:00,"$32,407","$318,181","$318,181","$159,090","$3,903"
495,"Del Zotto, Michael",LD,23,Stnd,RFA,"$2,550,000",67,90,3,13,16,17:12,"$28,333","$850,000","$196,153","$159,375","$2,212"
496,"Stewart, Chris","RW, LW",26,Stnd,UFA,"$4,150,000",63,110,15,11,26,13:41,"$37,727","$276,666","$377,272","$159,615","$4,814"
497,"Briere, Daniel",C,36,35+,UFA,"$4,000,000",69,118,13,12,25,12:46,"$33,898","$307,692","$333,333","$160,000","$4,540"
498,"Green, Mike",RD,28,Stnd,UFA,"$6,083,333",70,172,9,29,38,22:43,"$35,368","$675,925","$209,770","$160,087","$3,825"
499,"Fleischmann, Tomas",LW,29,Stnd,UFA,"$4,500,000",80,188,8,20,28,17:07,"$23,936","$562,500","$225,000","$160,714","$3,286"
500,"Carcillo, Daniel",LW,28,Stnd,UFA,"$825,000",57,44,4,1,5,9:17,"$18,750","$206,250","$825,000","$165,000","$1,559"
501,"Stalberg, Viktor","LW, RW",27,Stnd,UFA,"$3,000,000",70,114,8,10,18,12:35,"$26,315","$375,000","$300,000","$166,666","$3,405"
502,"Ballard, Keith",D,31,Stnd,UFA,"$1,500,000",45,29,2,7,9,13:36,"$51,724","$750,000","$214,285","$166,666","$2,450"
503,"Semin, Alexander","RW, LW",29,Stnd,UFA,"$7,000,000",65,210,22,20,42,19:54,"$33,333","$318,181","$350,000","$166,666","$5,411"
504,"Kelly, Chris","C, LW",33,Stnd,UFA,"$3,000,000",57,69,9,9,18,14:41,"$43,478","$333,333","$333,333","$166,666","$3,584"
505,"Despres, Simon",RD,22,ELC,RFA,"$840,000",34,41,0,5,5,16:44,"$20,487",∞,"$168,000","$168,000","$1,476"
506,"Skille, Jack",RW,26,Stnd,UFA,"$675,000",16,23,4,0,4,8:39,"$29,347","$168,750",∞,"$168,750","$4,877"
507,"Timonen, Kimmo",D,38,35+,UFA,"$6,000,000",77,152,6,29,35,20:19,"$39,473","$1,000,000","$206,896","$171,428","$3,835"
508,"McCormick, Cody","C, RW, LW",30,Stnd,UFA,"$1,200,000",43,26,2,5,7,8:54,"$46,153","$600,000","$240,000","$171,428","$3,135"
509,"Clitsome, Grant",LD,28,Stnd,UFA,"$2,066,667",32,42,2,10,12,19:47,"$49,206","$1,033,333","$206,666","$172,222","$3,264"
510,"Chara, Zdeno",LD,36,Stnd,UFA,"$6,916,667",77,168,17,23,40,24:39:00,"$41,170","$406,862","$300,724","$172,916","$3,644"
511,"Tyutin, Fedor",LD,30,Stnd,UFA,"$4,500,000",69,87,4,22,26,21:24,"$51,724","$1,125,000","$204,545","$173,076","$3,047"
512,"Komisarek, Mike",RD,31,Stnd,UFA,"$700,000",32,20,0,4,4,11:41,"$35,000",∞,"$175,000","$175,000","$1,872"
513,"Suter, Ryan",LD,28,Stnd,UFA,"$7,538,461",82,150,8,35,43,29:24:00,"$50,256","$942,307","$215,384","$175,313","$3,126"
514,"Vlasic, Marc-Édouard",LD/RD,26,Stnd,UFA,"$4,250,000",81,138,5,19,24,20:42,"$30,797","$850,000","$223,684","$177,083","$2,534"
515,"Carle, Matthew",LD,29,Stnd,UFA,"$5,500,000",82,115,2,29,31,22:11,"$47,826","$2,750,000","$189,655","$177,419","$3,023"
516,"Forsberg, Filip",LW,19,ELC,RFA,"$894,167",13,20,1,4,5,11:24,"$44,708","$894,167","$223,541","$178,833","$6,033"
517,"Fistric, Mark",D,27,Stnd,UFA,"$900,000",34,22,1,4,5,15:24,"$40,909","$900,000","$225,000","$180,000","$1,718"
518,"Bouwmeester, Jay",LD,30,Stnd,UFA,"$6,680,000",82,152,4,33,37,24:02:00,"$43,947","$1,669,999","$202,424","$180,540","$3,389"
519,"Ference, Andrew",RD,34,Stnd,UFA,"$3,250,000",71,77,3,15,18,21:03,"$42,207","$1,083,333","$216,666","$180,555","$2,174"
520,"Datsyuk, Pavel","C, LW",35,Stnd,UFA,"$6,700,000",45,126,17,20,37,20:16,"$53,174","$394,117","$335,000","$181,081","$7,346"
521,"Meszaros, Andrej",RD,28,Stnd,UFA,"$4,000,000",52,84,7,15,22,17:47,"$47,619","$571,428","$266,666","$181,818","$4,325"
522,"Wellman, Casey",C,26,Stnd,UFA,"$550,000",13,15,2,1,3,9:22,"$36,666","$275,000","$550,000","$183,333","$4,516"
523,"Janssen, Cam",RW,29,Stnd,UFA,"$550,000",24,11,3,0,3,4:54,"$50,000","$183,333",∞,"$183,333","$4,676"
524,"Boyle, Dan",LD,37,Stnd,UFA,"$6,666,666",75,154,12,24,36,21:16,"$43,290","$555,555","$277,777","$185,185","$4,179"
525,"Weber, Mike",LD,26,Stnd,UFA,"$1,666,667",68,47,1,8,9,17:49,"$35,461","$1,666,667","$208,333","$185,185","$1,375"
526,"Gunnarsson, Carl",LD,27,Stnd,UFA,"$3,150,000",80,48,3,14,17,19:24,"$65,625","$1,050,000","$225,000","$185,294","$2,029"
527,"Clowe, Ryane","LW, RW",31,Stnd,UFA,"$4,850,000",43,74,7,19,26,16:07,"$65,540","$692,857","$255,263","$186,538","$6,998"
528,"Erat, Martin",RW,32,Stnd,UFA,"$4,500,000",53,46,1,23,24,14:44,"$97,826","$4,500,000","$195,652","$187,500","$5,762"
529,"Stamkos, Steven","C, RW",23,Stnd,UFA,"$7,500,000",37,124,25,15,40,20:14,"$60,483","$300,000","$500,000","$187,500","$10,018"
530,"Colaiacovo, Carlo",LD,30,Stnd,RFA,"$750,000",25,18,1,3,4,15:09,"$41,666","$750,000","$250,000","$187,500","$1,980"
531,"Dupuis, Pascal","RW, LW",34,Stnd,UFA,"$3,750,000",39,97,7,13,20,17:41,"$38,659","$535,714","$288,461","$187,500","$5,437"
532,"Rinaldo, Zac",LW,23,Stnd,RFA,"$750,000",67,54,2,2,4,7:41,"$13,888","$375,000","$375,000","$187,500","$1,456"
533,"Sestito, Tim",LW,29,Stnd,UFA,"$562,500",16,13,0,3,3,9:05,"$43,269",∞,"$187,500","$187,500","$3,870"
534,"Barch, Krys",LW,33,Stnd,UFA,"$750,000",55,19,0,4,4,5:58,"$39,473",∞,"$187,500","$187,500","$2,285"
535,"Doughty, Drew",RD,24,Stnd,UFA,"$7,000,000",78,177,10,27,37,25:42:00,"$39,548","$700,000","$259,259","$189,189","$3,491"
536,"Joensuu, Jesse",LW,26,Stnd,UFA,"$950,000",42,41,3,2,5,9:19,"$23,170","$316,666","$475,000","$190,000","$2,427"
537,"Mitchell, Torrey","C, RW",28,Stnd,UFA,"$1,900,000",67,56,2,8,10,10:52,"$33,928","$950,000","$237,500","$190,000","$2,609"
538,"Larsson, Johan","C, LW",21,ELC,RFA,"$763,333",28,21,0,4,4,13:27,"$36,349",∞,"$190,833","$190,833","$2,026"
539,"Hejda, Jan",D,35,Stnd,UFA,"$3,250,000",78,75,6,11,17,22:19,"$43,333","$541,666","$295,454","$191,176","$1,867"
540,"Cormier, Patrice",C,23,Stnd,RFA,"$575,000",9,4,0,3,3,6:58,"$143,750",∞,"$191,666","$191,666","$9,170"
541,"Enström, Toby",LD,29,Stnd,UFA,"$5,750,000",82,106,10,20,30,23:53,"$54,245","$575,000","$287,500","$191,666","$2,936"
542,"Bieksa, Kevin",RD,32,Stnd,UFA,"$4,600,000",76,167,4,20,24,22:46,"$27,544","$1,150,000","$230,000","$191,666","$2,658"
543,"Prust, Brandon","LW, C",29,Stnd,UFA,"$2,500,000",52,49,6,7,13,12:49,"$51,020","$416,666","$357,142","$192,307","$3,751"
544,"Campbell, Brian",LD,34,Stnd,UFA,"$7,142,875",82,116,7,30,37,26:57:00,"$61,576","$1,020,410","$238,095","$193,050","$3,232"
545,"Havlat, Martin",LW,32,Stnd,UFA,"$4,250,000",48,72,12,10,22,14:43,"$59,027","$354,166","$425,000","$193,181","$6,016"
546,"Veilleux, Stephane",LW,32,Stnd,UFA,"$587,500",34,26,3,0,3,8:26,"$22,596","$195,833",∞,"$195,833","$2,048"
547,"Ruutu, Tuomo","LW, RW",30,Stnd,UFA,"$4,750,000",76,105,8,16,24,14:33,"$45,238","$593,750","$296,875","$197,916","$4,295"
548,"Nash, Rick","LW, RW",29,Stnd,UFA,"$7,800,000",65,258,26,13,39,17:01,"$30,232","$300,000","$600,000","$200,000","$7,051"
549,"Martinek, Radek",RD,37,35+,UFA,"$600,000",13,12,0,3,3,15:28,"$50,000",∞,"$200,000","$200,000","$2,984"
550,"Harrold, Peter","RD, RW",30,Stnd,UFA,"$800,000",33,32,0,4,4,18:40,"$25,000",∞,"$200,000","$200,000","$1,298"
551,"Dorsett, Derek",RW,27,Stnd,UFA,"$1,633,333",51,67,4,4,8,11:01,"$24,378","$408,333","$408,333","$204,166","$2,907"
552,"Hamhuis, Dan",LD,31,Stnd,UFA,"$4,500,000",79,150,5,17,22,23:57,"$30,000","$900,000","$264,705","$204,545","$2,378"
553,"Phillips, Chris",LD,35,Stnd,UFA,"$3,083,333",70,90,1,14,15,19:13,"$34,259","$3,083,333","$220,238","$205,555","$2,292"
554,"Nordström, Joakim","LW, RW",21,ELC,RFA,"$616,667",16,26,1,2,3,11:41,"$23,717","$616,667","$308,333","$205,555","$3,298"
555,"Beauchemin, Francois",LD,33,Stnd,UFA,"$3,500,000",70,100,4,13,17,23:05,"$35,000","$875,000","$269,230","$205,882","$2,166"
556,"Da Costa, Stephane","C, RW",24,Stnd,RFA,"$825,000",12,20,3,1,4,10:24,"$41,250","$275,000","$825,000","$206,250","$6,610"
557,"Cowen, Jared",LD,22,Stnd,RFA,"$3,100,000",68,68,6,9,15,20:30,"$45,588","$516,666","$344,444","$206,666","$2,223"
558,"Bourque, Rene",LW,32,Stnd,UFA,"$3,333,333",63,118,9,7,16,14:11,"$28,248","$370,370","$476,190","$208,333","$3,730"
559,"Phaneuf, Dion",LD,28,Stnd,UFA,"$6,500,000",80,145,8,23,31,23:33,"$44,827","$812,500","$282,608","$209,677","$3,450"
560,"Stoner, Clayton",LD,28,Stnd,UFA,"$1,050,000",63,48,1,4,5,13:19,"$21,875","$1,050,000","$262,500","$210,000","$1,251"
561,"Oduya, Johnny",LD,32,Stnd,UFA,"$3,375,000",77,83,3,13,16,20:06,"$40,662","$1,125,000","$259,615","$210,937","$2,180"
562,"Jackman, Barret",LD,32,Stnd,UFA,"$3,166,667",79,83,3,12,15,17:55,"$38,152","$1,055,555","$263,888","$211,111","$2,237"
563,"Polak, Roman",RD,27,Stnd,UFA,"$2,750,000",72,83,4,9,13,17:20,"$33,132","$687,500","$305,555","$211,538","$2,203"
564,"Wey, Patrick",D,22,ELC,UFA,"$640,000",9,5,0,3,3,14:35,"$128,000",∞,"$213,333","$213,333","$4,876"
565,"Caron, Jordan",RW,23,Stnd,RFA,"$640,000",35,52,1,2,3,10:55,"$12,307","$640,000","$320,000","$213,333","$1,675"
566,"Hamonic, Travis",RD,23,Stnd,UFA,"$3,857,143",69,134,3,15,18,25:00:00,"$28,784","$1,285,714","$257,142","$214,285","$2,236"
567,"Regehr, Robyn",D,33,Stnd,UFA,"$3,000,000",79,73,3,11,14,18:57,"$41,095","$1,000,000","$272,727","$214,285","$2,003"
568,"Cleary, Daniel",RW,35,Stnd,UFA,"$1,750,000",52,64,4,4,8,13:53,"$27,343","$437,500","$437,500","$218,750","$2,424"
569,"Archibald, Darren","LW, RW",23,Stnd,RFA,"$660,000",16,11,1,2,3,7:47,"$60,000","$660,000","$330,000","$220,000","$5,299"
570,"Salo, Sami",D,39,35+,UFA,"$3,750,000",71,81,4,13,17,18:11,"$46,296","$937,500","$288,461","$220,588","$2,904"
571,"Bouchard, Pierre-Marc",RW,29,Stnd,UFA,"$2,000,000",28,51,4,5,9,13:56,"$39,215","$500,000","$400,000","$222,222","$5,126"
572,"Rakell, Rickard","RW, LW",20,ELC,RFA,"$894,167",18,22,0,4,4,11:43,"$40,643",∞,"$223,541","$223,541","$4,239"
573,"Booth, David",LW,29,Stnd,UFA,"$4,250,000",66,117,9,10,19,13:28,"$36,324","$472,222","$425,000","$223,684","$4,781"
574,"Edler, Alexander",LD,27,Stnd,UFA,"$5,000,000",63,178,7,15,22,23:17,"$28,089","$714,285","$333,333","$227,272","$3,408"
575,"Gonchar, Sergei",LD,39,35+,UFA,"$5,000,000",76,89,2,20,22,17:36,"$56,179","$2,499,999","$250,000","$227,272","$3,738"
576,"Brewer, Eric",D,34,Stnd,UFA,"$3,875,000",77,83,4,13,17,17:33,"$46,686","$968,749","$298,076","$227,941","$2,867"
577,"Wotherspoon, Tyler",LD,20,ELC,RFA,"$925,000",14,3,0,4,4,13:27,"$308,333",∞,"$231,249","$231,249","$4,912"
578,"Ristolainen, Rasmus",RD,19,ELC,RFA,"$925,000",34,52,2,2,4,19:07,"$17,788","$462,500","$462,500","$231,250","$1,423"
579,"Jones, David",RW,29,Stnd,UFA,"$4,000,000",48,104,9,8,17,15:27,"$38,461","$444,444","$500,000","$235,294","$5,393"
580,"Postma, Paul",RD,24,Stnd,RFA,"$712,500",20,19,1,2,3,16:07,"$37,500","$712,500","$356,250","$237,500","$2,210"
581,"Redmond, Zach",RD,25,Stnd,UFA,"$715,000",10,10,1,2,3,15:20,"$71,500","$715,000","$357,500","$238,333","$4,663"
582,"Eaves, Patrick","RW, LW",29,Stnd,UFA,"$1,200,000",30,53,2,3,5,11:15,"$22,641","$600,000","$400,000","$240,000","$3,555"
583,"Josefson, Jacob","C, LW",22,Stnd,RFA,"$725,000",27,21,1,2,3,10:07,"$34,523","$725,000","$362,500","$241,666","$2,654"
584,"Grossmann, Nicklas",LD,28,Stnd,UFA,"$3,500,000",78,71,1,13,14,19:06,"$49,295","$3,500,000","$269,230","$250,000","$2,349"
585,"Bouillon, Francis",LD,38,35+,UFA,"$1,500,000",52,34,2,4,6,17:41,"$44,117","$750,000","$375,000","$250,000","$1,631"
586,"Kopecky, Tomas",RW,31,Stnd,UFA,"$3,000,000",49,95,4,8,12,15:53,"$31,578","$750,000","$375,000","$250,000","$3,854"
587,"Jones, Ryan",LW,29,Stnd,UFA,"$1,500,000",52,59,2,4,6,9:50,"$25,423","$750,000","$375,000","$250,000","$2,933"
588,"Wideman, Dennis",RD,30,Stnd,UFA,"$5,250,000",46,102,4,17,21,22:41,"$51,470","$1,312,500","$308,823","$250,000","$5,031"
589,"Myers, Tyler",RD,23,Stnd,UFA,"$5,500,000",62,99,9,13,22,21:53,"$55,555","$611,111","$423,076","$250,000","$4,053"
590,"Gaborik, Marian",RW,31,Stnd,UFA,"$7,500,000",41,103,11,19,30,17:00,"$72,815","$681,818","$394,736","$250,000","$10,760"
591,"Granlund, Markus","RW, LW, C",20,ELC,RFA,"$767,500",7,9,2,1,3,12:05,"$85,277","$383,750","$767,500","$255,833","$9,073"
592,"McQuaid, Adam",RD,27,Stnd,UFA,"$1,566,667",30,25,1,5,6,16:02,"$62,666","$1,566,667","$313,333","$261,111","$3,257"
593,"Ness, Aaron",LD,23,ELC,RFA,"$791,667",20,23,1,2,3,14:47,"$34,420","$791,667","$395,833","$263,889","$2,677"
594,"Hendricks, Matt","RW, C, LW",32,Stnd,UFA,"$1,850,000",77,102,5,2,7,12:44,"$18,137","$369,999","$925,000","$264,285","$1,886"
595,"Coburn, Braydon",LD,28,Stnd,UFA,"$4,500,000",82,122,5,12,17,22:26,"$36,885","$900,000","$375,000","$264,705","$2,446"
596,"Emmerton, Cory",C,25,Stnd,UFA,"$533,333",18,22,0,2,2,8:57,"$24,242",∞,"$266,666","$266,666","$3,310"
597,"Bickell, Bryan",LW,27,Stnd,UFA,"$4,000,000",59,93,11,4,15,11:21,"$43,010","$363,636","$1,000,000","$266,666","$5,973"
598,"Heatley, Dany",LW,32,Stnd,UFA,"$7,500,000",76,110,12,16,28,14:49,"$68,181","$624,999","$468,750","$267,857","$6,660"
599,"Terry, Chris","LW, RW",24,Stnd,UFA,"$537,500",10,13,0,2,2,12:04,"$41,346",∞,"$268,750","$268,750","$4,454"
600,"Brouillette, Julien",D,27,Stnd,UFA,"$550,000",10,4,1,1,2,15:33,"$137,500","$550,000","$550,000","$275,000","$3,536"
601,"Strachan, Tyson",RD,29,Stnd,UFA,"$550,000",18,7,0,2,2,17:19,"$78,571",∞,"$275,000","$275,000","$1,764"
602,"Zolnierczyk, Harry",LW,26,Stnd,UFA,"$550,000",13,12,2,0,2,10:07,"$45,833","$275,000",∞,"$275,000","$4,181"
603,"Kobasew, Chuck",RW,31,Stnd,UFA,"$550,000",33,37,2,0,2,11:12,"$14,864","$275,000",∞,"$275,000","$1,488"
604,"Horcoff, Shawn",C,35,Stnd,UFA,"$5,500,000",77,68,7,13,20,12:51,"$80,882","$785,714","$423,076","$275,000","$5,558"
605,"Rozsíval, Michal",RD,35,Stnd,UFA,"$2,200,000",42,39,1,7,8,16:39,"$56,410","$2,200,000","$314,285","$275,000","$3,146"
606,"Gorges, Josh",LD,29,Stnd,UFA,"$3,900,000",66,35,1,13,14,21:14,"$111,428","$3,900,000","$300,000","$278,571","$2,782"
607,"Horton, Nathan",RW,28,Stnd,UFA,"$5,300,000",36,48,5,14,19,15:27,"$110,416","$1,060,000","$378,571","$278,947","$9,528"
608,"Ashton, Carter",RW,22,ELC,RFA,"$840,000",32,23,0,3,3,6:16,"$36,521",∞,"$280,000","$280,000","$4,188"
609,"Bolland, Dave",C,27,Stnd,UFA,"$3,375,000",23,33,8,4,12,14:27,"$102,272","$421,875","$843,750","$281,250","$10,154"
610,"Urbom, Alexander",LD,23,ELC,RFA,"$563,333",20,16,1,1,2,14:36,"$35,208","$563,333","$563,333","$281,666","$1,929"
611,"Staal, Marc",LD,26,Stnd,UFA,"$3,975,000",72,92,3,11,14,20:31,"$43,206","$1,325,000","$361,363","$283,928","$2,690"
612,"Volpatti, Aaron",LW,28,Stnd,UFA,"$575,000",41,18,2,0,2,7:21,"$31,944","$287,500",∞,"$287,500","$1,908"
613,"Kassian, Matt",C,27,Stnd,UFA,"$575,000",33,12,1,1,2,4:26,"$47,916","$575,000","$575,000","$287,500","$3,930"
614,"Orpik, Brooks",LD,33,Stnd,UFA,"$3,750,000",72,50,2,11,13,21:11,"$75,000","$1,875,000","$340,909","$288,461","$2,458"
615,"Breen, Chris",LD,24,Stnd,RFA,"$577,500",9,4,0,2,2,9:23,"$144,375",∞,"$288,750","$288,750","$6,838"
616,"D'Amigo, Jerry",RW,22,ELC,RFA,"$870,000",22,12,1,2,3,8:02,"$72,500","$870,000","$435,000","$290,000","$4,922"
617,"Quincey, Kyle",RD,28,Stnd,UFA,"$3,775,000",82,106,4,9,13,20:48,"$35,613","$943,750","$419,444","$290,384","$2,213"
618,"Mitchell, Willie",LD,36,35+,UFA,"$3,500,000",76,73,1,11,12,20:19,"$47,945","$3,500,000","$318,181","$291,666","$2,266"
619,"Varone, Philip",C,23,ELC,RFA,"$586,667",9,15,1,1,2,11:24,"$39,111","$586,667","$586,667","$293,333","$5,718"
620,"Ericsson, Jonathan",LD,29,Stnd,UFA,"$3,250,000",48,66,1,10,11,21:14,"$49,242","$3,250,000","$325,000","$295,454","$3,188"
621,"Klefbom, Oscar",LD,20,ELC,RFA,"$894,167",17,14,1,2,3,15:47,"$63,869","$894,167","$447,083","$298,055","$3,332"
622,"Laich, Brooks","C, LW",30,Stnd,UFA,"$4,500,000",51,75,8,7,15,17:15,"$60,000","$562,500","$642,857","$300,000","$5,115"
623,"Burrows, Alexandre","RW, LW",32,Stnd,UFA,"$4,500,000",49,104,5,10,15,17:49,"$43,269","$900,000","$450,000","$300,000","$5,154"
624,"Malone, Ryan",LW,34,Stnd,UFA,"$4,500,000",57,95,5,10,15,11:46,"$47,368","$900,000","$450,000","$300,000","$6,709"
625,"Cracknell, Adam",RW,28,Stnd,UFA,"$600,000",19,16,0,2,2,8:10,"$37,500",∞,"$300,000","$300,000","$3,866"
626,"Schenn, Luke",RD,24,Stnd,UFA,"$3,600,000",79,78,4,8,12,16:32,"$46,153","$900,000","$450,000","$300,000","$2,756"
627,"Sutter, Brett","LW, C",26,Stnd,UFA,"$600,000",17,16,1,1,2,7:33,"$37,500","$600,000","$600,000","$300,000","$4,674"
628,"Leino, Ville",LW,30,Stnd,UFA,"$4,500,000",58,38,0,15,15,14:26,"$118,421",∞,"$300,000","$300,000","$5,375"
629,"Grant, Derek","C, RW",23,ELC,RFA,"$605,000",20,31,0,2,2,9:33,"$19,516",∞,"$302,500","$302,500","$3,167"
630,"McCarthy, John",LW,27,Stnd,UFA,"$612,500",36,49,1,1,2,11:03,"$12,500","$612,500","$612,500","$306,250","$1,539"
631,"Pageau, Jean-Gabriel",C,21,ELC,RFA,"$613,333",28,31,2,0,2,10:14,"$19,784","$306,666",∞,"$306,666","$2,140"
632,"Larsson, Adam",RD,21,ELC,RFA,"$925,000",26,20,1,2,3,17:47,"$46,250","$925,000","$462,500","$308,333","$2,000"
633,"Billins, Chad",D,24,ELC,RFA,"$925,000",10,3,0,3,3,12:12,"$308,333",∞,"$308,333","$308,333","$7,581"
634,"Grigorenko, Mikhail","C, LW",19,ELC,RFA,"$925,000",18,20,2,1,3,11:25,"$46,250","$462,500","$925,000","$308,333","$4,501"
635,"Reinhart, Max",C,21,ELC,RFA,"$618,333",8,7,0,2,2,10:42,"$88,333",∞,"$309,166","$309,166","$7,223"
636,"Fraser, Matt","RW, LW",23,Stnd,RFA,"$625,000",14,13,2,0,2,9:39,"$48,076","$312,500",∞,"$312,500","$4,626"
637,"Tanguay, Alex","LW, RW",34,Stnd,UFA,"$3,500,000",16,24,4,7,11,17:16,"$145,833","$875,000","$500,000","$318,181","$12,668"
638,"Klein, Kevin",RD,29,Stnd,UFA,"$2,900,000",77,73,2,7,9,17:20,"$39,726","$1,450,000","$414,285","$322,222","$2,172"
639,"Warsofsky, David",LD,23,ELC,RFA,"$645,833",6,10,1,1,2,16:10,"$64,583","$645,833","$645,833","$322,916","$6,658"
640,"Wright, James",C,23,Stnd,UFA,"$650,000",59,41,0,2,2,9:34,"$15,853",∞,"$325,000","$325,000","$1,151"
641,"Pinizzotto, Steven",RW,29,Stnd,UFA,"$650,000",6,2,0,2,2,9:38,"$325,000",∞,"$325,000","$325,000","$11,245"
642,"Jones, Blair",C,27,Stnd,UFA,"$650,000",14,14,2,0,2,11:22,"$46,428","$325,000",∞,"$325,000","$4,084"
643,"Seidenberg, Dennis",RD,32,Stnd,UFA,"$3,250,000",34,53,1,9,10,21:50,"$61,320","$3,250,000","$361,111","$325,000","$4,378"
644,"Stuart, Brad",RD,34,Stnd,UFA,"$3,600,000",61,64,3,8,11,19:09,"$56,250","$1,200,000","$450,000","$327,272","$3,081"
645,"Robidas, Stephane",RD,36,Stnd,UFA,"$3,300,000",38,56,5,5,10,20:10,"$58,928","$660,000","$660,000","$330,000","$4,306"
646,"Martin, Paul",LD,32,Stnd,UFA,"$5,000,000",39,54,3,12,15,24:34:00,"$92,592","$1,666,666","$416,666","$333,333","$5,218"
647,"Rosehill, Jay",LW,28,Stnd,UFA,"$675,000",34,14,2,0,2,4:56,"$48,214","$337,500",∞,"$337,500","$4,024"
648,"Robak, Colby",D,23,Stnd,UFA,"$675,000",16,15,0,2,2,18:34,"$45,000",∞,"$337,500","$337,500","$2,272"
649,"Allen, Bryan",D,33,Stnd,UFA,"$3,500,000",68,60,0,10,10,17:33,"$58,333",∞,"$350,000","$350,000","$2,932"
650,"Sbisa, Luca",LD,23,Stnd,RFA,"$2,175,000",30,30,1,5,6,17:03,"$72,500","$2,175,000","$435,000","$362,500","$4,252"
651,"Leopold, Jordan",D,33,Stnd,UFA,"$2,250,000",27,40,1,5,6,15:35,"$56,250","$2,250,000","$450,000","$375,000","$5,347"
652,"Wilson, Ryan",LD,26,Stnd,UFA,"$2,250,000",28,23,0,6,6,14:40,"$97,826",∞,"$375,000","$375,000","$5,478"
653,"Jaskin, Dmitrij","RW, LW",20,ELC,RFA,"$772,500",18,18,1,1,2,10:37,"$42,916","$772,500","$772,500","$386,250","$4,042"
654,"Leivo, Josh","RW, LW",20,ELC,RFA,"$792,500",7,4,1,1,2,9:51,"$198,125","$792,500","$792,500","$396,250","$11,493"
655,"Torres, Raffi",LW,32,Stnd,UFA,"$2,000,000",5,9,3,2,5,10:21,"$222,222","$666,666","$1,000,000","$400,000","$38,647"
656,"Fraser, Colin",C,28,Stnd,UFA,"$825,000",33,22,0,2,2,8:59,"$37,500",∞,"$412,500","$412,500","$2,782"
657,"Agostino, Kenny",LW,21,ELC,RFA,"$845,000",8,12,1,1,2,11:05,"$70,416","$845,000","$845,000","$422,500","$9,530"
658,"Brown, Chris","RW, C",22,ELC,RFA,"$853,333",6,4,1,1,2,9:42,"$213,333","$853,333","$853,333","$426,666","$14,662"
659,"Liles, John-Michael",LD,33,Stnd,UFA,"$3,875,000",41,56,2,7,9,19:38,"$69,196","$1,937,500","$553,571","$430,555","$4,813"
660,"Visnovsky, Lubomir",RD,37,35+,UFA,"$4,750,000",24,34,3,8,11,20:31,"$139,705","$1,583,333","$593,750","$431,818","$9,646"
661,"Tinordi, Jarred",LD,21,ELC,RFA,"$870,000",22,10,0,2,2,14:31,"$87,000",∞,"$435,000","$435,000","$2,724"
662,"Smid, Ladislav",LD,27,Stnd,UFA,"$3,500,000",73,41,2,6,8,18:08,"$85,365","$1,750,000","$583,333","$437,500","$2,644"
663,"Dumba, Matt",RD,19,ELC,RFA,"$894,167",13,12,1,1,2,12:26,"$74,513","$894,167","$894,167","$447,083","$5,532"
664,"Hanowski, Ben",RW,23,ELC,RFA,"$900,000",11,10,0,2,2,7:14,"$90,000",∞,"$450,000","$450,000","$11,311"
665,"Czuczman, Kevin",LD,22,ELC,RFA,"$925,000",13,24,0,2,2,19:32,"$38,541",∞,"$462,500","$462,500","$3,642"
666,"Beaulieu, Nathan",LD/RD,21,ELC,RFA,"$925,000",17,15,0,2,2,13:13,"$61,666",∞,"$462,500","$462,500","$4,116"
667,"Bogosian, Zach",RD,23,Stnd,UFA,"$5,142,857",55,134,3,8,11,22:54,"$38,379","$1,714,285","$642,857","$467,532","$4,083"
668,"Clarkson, David",RW,29,Stnd,UFA,"$5,250,000",60,102,5,6,11,15:06,"$51,470","$1,050,000","$875,000","$477,272","$5,794"
669,"Falk, Justin",LD,25,Stnd,UFA,"$975,000",21,10,0,2,2,11:55,"$97,500",∞,"$487,500","$487,500","$3,896"
670,"Erskine, John",D,33,Stnd,UFA,"$1,962,500",37,38,1,3,4,15:35,"$51,644","$1,962,500","$654,166","$490,625","$3,403"
671,"Greene, Matt",RD,30,Stnd,UFA,"$2,950,000",38,38,2,4,6,15:53,"$77,631","$1,475,000","$737,500","$491,666","$4,887"
672,"Carkner, Matt",D,33,Stnd,UFA,"$1,500,000",53,50,0,3,3,11:59,"$30,000",∞,"$500,000","$500,000","$2,361"
673,"Olesz, Rostislav",LW,28,Stnd,UFA,"$1,000,000",10,9,0,2,2,11:25,"$111,111",∞,"$500,000","$500,000","$8,759"
674,"Boll, Jared",RW,27,Stnd,UFA,"$1,050,000",28,12,1,1,2,7:37,"$87,500","$1,050,000","$1,050,000","$525,000","$4,923"
675,"Volchenkov, Anton",D,31,Stnd,UFA,"$4,250,000",56,42,0,8,8,16:47,"$101,190",∞,"$531,250","$531,250","$4,521"
676,"Porter, Kevin",C,27,Stnd,UFA,"$537,500",12,3,0,1,1,11:37,"$179,166",∞,"$537,500","$537,500","$3,855"
677,"Pelech, Matt",D,26,Stnd,RFA,"$550,000",6,3,1,0,1,3:55,"$183,333","$550,000",∞,"$550,000","$23,404"
678,"Ebbett, Andrew",C,30,Stnd,UFA,"$550,000",9,9,0,1,1,11:03,"$61,111",∞,"$550,000","$550,000","$5,530"
679,"VandeVelde, Chris","C, LW",26,Stnd,UFA,"$550,000",18,8,0,1,1,7:43,"$68,750",∞,"$550,000","$550,000","$3,959"
680,"Borowiecki, Mark",LD,24,Stnd,RFA,"$575,000",13,6,1,0,1,12:35,"$95,833","$575,000",∞,"$575,000","$3,515"
681,"Street, Ben",C,26,Stnd,UFA,"$575,000",13,17,0,1,1,10:35,"$33,823",∞,"$575,000","$575,000","$4,179"
682,"Albert, John",C,24,ELC,RFA,"$585,000",9,5,1,0,1,5:06,"$117,000","$585,000",∞,"$585,000","$12,745"
683,"Broll, David",LW,20,ELC,UFA,"$590,833",5,3,0,1,1,8:11,"$196,944",∞,"$590,833","$590,833","$14,439"
684,"Corrado, Frank",RD,20,ELC,RFA,"$591,667",15,20,1,0,1,12:33,"$29,583","$591,667",∞,"$591,667","$3,142"
685,"Lain, Kellan",LW,24,Stnd,UFA,"$600,000",9,7,1,0,1,5:13,"$85,714","$600,000",∞,"$600,000","$12,779"
686,"Tedenby, Mattias",RW,23,Stnd,RFA,"$600,000",15,9,1,0,1,10:01,"$66,666","$600,000",∞,"$600,000","$3,993"
687,"Crabb, Joey",RW,30,Stnd,UFA,"$600,000",9,5,0,1,1,14:22,"$120,000",∞,"$600,000","$600,000","$4,640"
688,"Deslauriers, Nicolas","RW, LW",22,ELC,RFA,"$608,333",17,30,1,0,1,13:08,"$20,277","$608,333",∞,"$608,333","$2,724"
689,"Collins, Sean",C,25,ELC,RFA,"$625,000",6,6,0,1,1,8:10,"$104,166",∞,"$625,000","$625,000","$12,755"
690,"Persson, John",LW,21,ELC,RFA,"$626,667",10,16,1,0,1,12:02,"$39,166","$626,667",∞,"$626,667","$5,207"
691,"Fraser, Mark",D,27,Stnd,UFA,"$1,275,000",42,11,1,1,2,15:21,"$115,909","$1,275,000","$1,275,000","$637,500","$1,977"
692,"Blum, Jonathon",D,24,Stnd,RFA,"$650,000",15,11,0,1,1,11:39,"$59,090",∞,"$650,000","$650,000","$3,719"
693,"Hayes, Eriah",RW,25,ELC,UFA,"$655,000",15,17,1,0,1,7:50,"$38,529","$655,000",∞,"$655,000","$5,574"
694,"O'Brien, Shane",LD,30,Stnd,UFA,"$2,000,000",45,16,0,3,3,11:15,"$125,000",∞,"$666,666","$666,666","$3,950"
695,"Gleason, Tim",D,30,Stnd,UFA,"$4,000,000",56,43,1,5,6,16:38,"$93,023","$4,000,000","$800,000","$666,666","$4,294"
696,"Porter, Chris",LW,29,Stnd,UFA,"$675,000",22,24,0,1,1,10:22,"$28,125",∞,"$675,000","$675,000","$2,959"
697,"Hillen, Jack",D,27,Stnd,UFA,"$700,000",13,12,0,1,1,18:16,"$58,333",∞,"$700,000","$700,000","$2,947"
698,"Schultz, Nick",LD,31,Stnd,UFA,"$3,500,000",69,35,0,5,5,16:18,"$100,000",∞,"$700,000","$700,000","$3,111"
699,"Chaput, Michael",C,21,ELC,RFA,"$706,667",17,6,0,1,1,8:53,"$117,777",∞,"$706,667","$706,667","$4,679"
700,"Adam, Luke",C,23,Stnd,RFA,"$735,000",12,16,1,0,1,12:50,"$45,937","$735,000",∞,"$735,000","$4,772"
701,"Murray, Douglas",D,33,Stnd,UFA,"$1,500,000",53,26,0,2,2,14:21,"$57,692",∞,"$750,000","$750,000","$1,972"
702,"Scott, John","LW, D",31,Stnd,UFA,"$750,000",56,16,1,0,1,6:45,"$46,875","$750,000",∞,"$750,000","$1,984"
703,"Sundstrom, Johan",C,21,ELC,RFA,"$770,000",11,13,0,1,1,8:39,"$59,230",∞,"$770,000","$770,000","$8,092"
704,"Smith, Derek",LD,29,Stnd,UFA,"$775,000",14,12,0,1,1,9:31,"$64,583",∞,"$775,000","$775,000","$5,816"
705,"Salvador, Bryce",D,37,35+,UFA,"$3,166,667",40,24,1,3,4,20:17,"$131,944","$3,166,667","$1,055,555","$791,666","$3,903"
706,"Petrovic, Alex",RD,21,ELC,RFA,"$795,000",7,4,0,1,1,12:14,"$198,750",∞,"$795,000","$795,000","$9,283"
707,"Slater, Jim",C,31,Stnd,UFA,"$1,600,000",27,24,1,1,2,10:37,"$66,666","$1,600,000","$1,600,000","$800,000","$5,581"
708,"Jovanovski, Ed",LD,37,35+,UFA,"$4,125,000",37,44,1,4,5,16:10,"$93,750","$4,124,999","$1,031,249","$825,000","$6,896"
709,"Dumoulin, Brian",LD,22,ELC,RFA,"$831,667",6,3,0,1,1,19:14,"$277,222",∞,"$831,667","$831,667","$7,206"
710,"Scuderi, Rob",LD,35,Stnd,UFA,"$3,375,000",53,28,0,4,4,18:55,"$120,535",∞,"$843,750","$843,750","$3,366"
711,"Welsh, Jeremy",C,25,Stnd,UFA,"$850,000",19,13,1,0,1,6:51,"$65,384","$850,000",∞,"$850,000","$6,530"
712,"Halmo, Mike",LW,22,ELC,RFA,"$864,167",20,25,1,0,1,9:29,"$34,566","$864,167",∞,"$864,167","$4,556"
713,"Lander, Anton","C, LW, RW",22,ELC,RFA,"$880,000",27,18,0,1,1,13:38,"$48,888",∞,"$880,000","$880,000","$2,390"
714,"Pitlick, Tyler",RW,22,ELC,RFA,"$888,333",10,9,1,0,1,8:58,"$98,703","$888,333",∞,"$888,333","$9,907"
715,"Connolly, Brett","RW, LW",21,ELC,RFA,"$900,000",11,12,1,0,1,12:01,"$75,000","$900,000",∞,"$900,000","$6,808"
716,"Knight, Corban",C,23,ELC,RFA,"$900,000",7,4,1,0,1,7:56,"$225,000","$900,000",∞,"$900,000","$16,206"
717,"McCabe, Jake",LD,20,ELC,RFA,"$925,000",7,1,0,1,1,15:12,"$924,999",∞,"$924,999","$924,999","$8,693"
718,"Zadorov, Nikita",LD/RD,18,ELC,RFA,"$925,000",7,4,1,0,1,17:10,"$231,249","$924,999",∞,"$924,999","$7,697"
719,"Ruhwedel, Chad",RD,23,ELC,RFA,"$925,000",21,35,0,1,1,17:52,"$26,428",∞,"$925,000","$925,000","$2,465"
720,"Parros, George",RW,34,Stnd,UFA,"$937,500",22,4,0,1,1,4:33,"$234,374",∞,"$937,499","$937,499","$9,365"
721,"Aulie, Keith",D,24,Stnd,UFA,"$975,000",15,6,0,1,1,9:49,"$162,500",∞,"$975,000","$975,000","$6,621"
722,"Samuelsson, Mikael",RW,37,35+,UFA,"$3,000,000",26,36,1,2,3,10:21,"$83,333","$3,000,000","$1,500,000","$1,000,000","$11,148"
723,"Eager, Ben",LW,29,Stnd,UFA,"$1,100,000",7,4,0,1,1,7:13,"$275,000",∞,"$1,100,000","$1,100,000","$21,774"
724,"Weiss, Stephen",C,30,Stnd,UFA,"$4,900,000",26,28,2,2,4,14:45,"$175,000","$2,450,000","$2,450,000","$1,225,000","$12,777"
725,"Rupp, Mike",C,33,Stnd,UFA,"$1,333,333",13,6,0,1,1,6:12,"$222,222",∞,"$1,333,333","$1,333,333","$16,542"
726,"Grebeshkov, Denis",D,30,Stnd,UFA,"$1,500,000",7,3,0,1,1,13:41,"$500,000",∞,"$1,500,000","$1,500,000","$15,660"
727,"Rome, Aaron",D,30,Stnd,UFA,"$1,500,000",25,15,0,1,1,13:05,"$100,000",∞,"$1,500,000","$1,500,000","$4,585"
728,"Tootoo, Jordin",RW,30,Stnd,UFA,"$1,900,000",11,11,0,1,1,6:59,"$172,727",∞,"$1,900,000","$1,900,000","$24,734"
729,"Alberts, Andrew",D,32,Stnd,UFA,"$600,000",10,5,0,0,0,7:23,"$120,000",∞,∞,∞,"$8,126"
730,"McLaren, Frazer",LW,26,Stnd,UFA,"$700,000",27,4,0,0,0,4:00,"$175,000",∞,∞,∞,"$6,481"
731,"Orr, Colton",RW,31,Stnd,UFA,"$925,000",54,12,0,0,0,5:22,"$77,083",∞,∞,∞,"$3,191"
732,"Smithson, Jerred",C,34,Stnd,UFA,"$550,000",18,2,0,0,0,8:45,"$275,000",∞,∞,∞,"$3,492"
733,"Labrie, Pierre-Cédric",LW,27,Stnd,UFA,"$625,000",13,2,0,0,0,6:52,"$312,500",∞,∞,∞,"$7,001"
734,"Tyrell, Dana",C,24,Stnd,RFA,"$600,000",7,4,0,0,0,9:14,"$150,000",∞,∞,∞,"$9,283"
735,"Taormina, Matt",LD,27,Stnd,UFA,"$650,000",7,6,0,0,0,13:23,"$108,333",∞,∞,∞,"$6,938"
736,"Hamilton, Freddie","C, RW",21,ELC,RFA,"$626,667",11,13,0,0,0,10:19,"$48,205",∞,∞,∞,"$5,522"
737,"Burish, Adam",RW,30,Stnd,UFA,"$1,850,000",15,9,0,0,0,9:37,"$205,555",∞,∞,∞,"$12,824"
738,"Sill, Zach",C,25,Stnd,UFA,"$550,000",20,14,0,0,0,10:47,"$39,285",∞,∞,∞,"$2,550"
739,"Samuelsson, Philip",LD,22,ELC,RFA,"$623,333",5,5,0,0,0,15:34,"$124,666",∞,∞,∞,"$8,008"
740,"Gill, Hal",D,38,35+,UFA,"$700,000",6,1,0,0,0,14:50,"$700,000",∞,∞,∞,"$7,865"
741,"Fast, Jesper",RW,22,ELC,RFA,"$805,000",11,7,0,0,0,11:17,"$115,000",∞,∞,∞,"$6,485"
742,"Mashinter, Brandon",LW,25,Stnd,UFA,"$605,000",6,3,0,0,0,4:34,"$201,666",∞,∞,∞,"$22,080"
743,"Mayfield, Scott",RD,21,ELC,RFA,"$925,000",5,7,0,0,0,17:22,"$132,142",∞,∞,∞,"$10,652"
744,"Sislo, Mike",RW,25,Stnd,UFA,"$550,000",14,20,0,0,0,8:51,"$27,500",∞,∞,∞,"$4,439"
745,"Beck, Taylor",LW,22,ELC,RFA,"$660,000",7,9,0,0,0,12:50,"$73,333",∞,∞,∞,"$7,346"
746,"Blunden, Mike",RW,27,Stnd,UFA,"$550,000",7,2,0,0,0,6:08,"$275,000",∞,∞,∞,"$12,810"
747,"Holland, Patrick",RW,21,ELC,RFA,"$640,000",5,2,0,0,0,7:37,"$320,000",∞,∞,∞,"$16,805"
748,"Leblanc, Louis",C,22,ELC,RFA,"$870,000",8,7,0,0,0,9:52,"$124,285",∞,∞,∞,"$11,021"
749,"Bulmer, Brett",RW,21,ELC,RFA,"$780,000",5,7,0,0,0,10:41,"$111,428",∞,∞,∞,"$14,602"
750,"Whitney, Ryan",D,30,Stnd,UFA,"$900,000",7,8,0,0,0,16:44,"$112,500",∞,∞,∞,"$7,683"
751,"Gaunce, Cameron",LD,23,Stnd,RFA,"$650,000",9,9,0,0,0,13:50,"$72,222",∞,∞,∞,"$5,220"
752,"Nemeth, Patrik",LD,21,ELC,RFA,"$763,333",8,3,0,0,0,13:46,"$254,444",∞,∞,∞,"$6,930"
753,"Oleksiak, Jamie",LD,21,ELC,RFA,"$894,167",7,5,0,0,0,17:47,"$178,833",∞,∞,∞,"$7,183"
754,"Mueller, Chris",C,27,Stnd,UFA,"$600,000",9,8,0,0,0,9:14,"$75,000",∞,∞,∞,"$7,220"
755,"Craig, Ryan",C,31,Stnd,UFA,"$600,000",6,4,0,0,0,7:01,"$150,000",∞,∞,∞,"$14,251"
756,"Goloubef, Cody",RD,24,Stnd,RFA,"$826,875",5,4,0,0,0,9:49,"$206,718",∞,∞,∞,"$16,846"
757,"Carey, Paul",C,25,ELC,RFA,"$675,000",12,6,0,0,0,6:26,"$112,500",∞,∞,∞,"$8,743"
758,"Rundblad, David",RD,23,Stnd,RFA,"$785,000",5,4,0,0,0,8:20,"$196,250",∞,∞,∞,"$18,840"
759,"Van Brabant, Bryce",LW,22,ELC,RFA,"$912,500",6,4,0,0,0,9:09,"$228,125",∞,∞,∞,"$16,621"
760,"McNabb, Brayden",LD,22,ELC,RFA,"$715,000",12,10,0,0,0,17:13,"$71,500",∞,∞,∞,"$3,460"
761,"Kaleta, Patrick",RW,27,Stnd,UFA,"$1,250,000",5,0,0,0,0,8:20,∞,∞,∞,∞,"$30,000"
